,employeenumber,environmentsatisfaction,relationshipsatisfaction,jobsatisfaction,jobinvolvement,performancerating,worklifebalance
0,1,1,3,3,3,3,3
1,2,1,1,3,2,3,3
2,3,1,4,4,3,3,3
3,4,1,2,3,3,3,3
4,5,1,4,1,4,3,3
5,6,1,2,4,3,3,3
6,7,1,4,1,3,3,2
7,8,1,3,3,3,4,3
8,9,1,2,1,3,3,3
9,10,1,2,3,3,3,4
10,11,1,2,3,1,4,3
11,12,1,1,2,3,3,3
12,13,1,1,3,1,3,3
13,14,1,4,3,3,3,3
14,15,1,4,2,4,3,3
15,16,1,4,3,3,3,3
16,17,1,4,2,3,3,3
17,18,1,1,1,3,4,3
18,19,1,4,1,4,3,3
19,20,1,4,3,2,3,3
20,21,1,4,3,2,4,2
21,22,1,3,4,3,3,3
22,23,1,2,3,3,3,3
23,24,1,3,4,3,3,2
24,25,4,4,4,3,3,3
25,26,1,2,3,2,4,3
26,27,1,4,4,1,3,3
27,28,1,4,2,3,3,3
28,29,1,2,3,3,3,3
29,30,1,3,3,3,3,3
30,31,3,4,3,3,3,4
31,32,1,2,3,3,4,3
32,33,1,4,3,3,3,2
33,34,1,2,1,2,3,3
34,35,1,3,3,3,3,3
35,36,1,3,1,3,4,3
36,37,1,3,4,3,4,3
37,38,1,3,4,3,3,3
38,39,1,4,1,2,3,4
39,40,1,3,1,2,4,3
40,41,1,3,3,2,3,3
41,42,3,3,1,3,3,3
42,43,1,3,3,3,3,4
43,44,1,3,1,4,3,3
44,45,1,1,1,2,4,3
45,46,1,1,2,3,3,3
46,47,1,3,1,2,4,2
47,48,1,4,4,3,3,4
48,49,1,2,4,3,3,3
49,50,1,4,2,2,3,3
50,51,1,2,1,3,3,3
51,52,1,4,2,3,3,4
52,53,1,3,1,2,3,3
53,54,1,4,3,2,3,3
54,55,1,1,3,3,3,2
55,56,1,1,4,1,4,2
56,57,1,4,4,1,3,3
57,58,1,3,1,3,3,2
58,59,1,3,3,2,3,4
59,60,1,1,4,2,3,2
60,61,1,4,2,3,3,4
61,62,1,1,3,3,3,3
62,63,1,2,4,1,3,3
63,64,1,3,4,3,4,1
64,65,1,4,3,3,3,3
65,66,1,2,3,2,3,3
66,67,1,3,4,4,3,3
67,68,1,2,4,3,4,3
68,69,2,2,3,4,4,3
69,70,1,4,4,3,3,4
70,71,1,4,3,3,3,3
71,72,1,3,1,2,3,3
72,73,1,2,3,2,3,3
73,74,1,4,4,3,3,3
74,75,1,4,2,4,3,3
75,76,1,3,2,2,3,3
76,77,1,3,2,2,3,3
77,78,1,1,4,4,4,3
78,79,1,1,4,2,3,3
79,80,1,3,3,3,3,2
80,81,1,4,1,2,3,3
81,82,1,4,4,3,3,2
82,83,1,3,3,3,3,2
83,84,1,4,4,3,3,3
84,85,1,3,1,3,3,3
85,86,1,2,2,3,3,3
86,87,1,1,4,4,3,2
87,88,1,2,4,2,3,3
88,89,1,3,2,2,3,3
89,90,1,2,1,3,3,1
90,91,3,2,3,2,3,3
91,92,1,1,2,2,3,3
92,93,1,3,3,4,3,3
93,94,1,3,3,3,3,2
94,95,1,4,4,3,4,3
95,96,1,4,3,2,3,3
96,97,1,2,4,3,3,3
97,98,1,3,2,3,3,2
98,99,1,1,2,1,3,3
99,100,3,1,2,3,3,2
100,101,1,2,3,3,4,3
101,102,1,1,3,2,4,3
102,103,1,3,4,2,3,3
103,104,1,4,2,3,3,3
104,105,1,4,2,2,3,3
105,106,1,2,4,2,3,3
106,107,3,3,4,3,3,3
107,108,1,3,1,4,3,3
108,109,1,3,1,2,3,2
109,110,1,4,4,3,3,1
110,111,1,3,2,3,3,3
111,112,1,3,4,3,3,3
112,113,1,3,1,3,3,3
113,114,1,3,3,2,3,2
114,115,1,4,2,2,3,1
115,116,4,2,1,2,3,3
116,117,1,3,2,3,3,2
117,118,1,1,1,3,3,3
118,119,1,4,1,3,3,3
119,120,1,1,3,2,4,3
120,121,1,1,4,2,3,3
121,122,1,1,4,3,3,3
122,123,1,3,3,2,3,3
123,124,1,3,4,3,3,2
124,125,1,1,4,2,3,3
125,126,1,2,3,2,3,3
126,127,1,4,2,3,4,3
127,128,1,3,3,3,3,3
128,129,1,4,1,3,4,2
129,130,1,2,1,3,3,3
130,131,1,3,3,2,3,3
131,132,1,4,4,3,3,2
132,133,1,3,4,3,3,2
133,134,1,4,3,3,3,4
134,135,1,3,4,3,3,3
135,136,1,3,2,3,3,2
136,137,2,2,4,3,3,3
137,138,1,1,3,2,3,2
138,139,1,4,3,3,3,3
139,140,1,1,4,3,4,3
140,141,2,2,1,3,3,2
141,142,1,3,1,2,4,3
142,143,1,1,2,3,4,3
143,144,1,1,4,3,3,3
144,145,1,2,1,2,3,3
145,146,1,3,2,3,3,3
146,147,1,4,2,2,3,3
147,148,1,4,1,4,3,2
148,149,1,4,2,2,3,4
149,150,1,4,2,2,3,3
150,151,1,4,3,1,3,3
151,152,1,2,2,3,3,3
152,153,2,4,1,2,3,2
153,154,1,3,4,3,3,3
154,155,1,1,1,2,3,2
155,156,1,4,1,1,3,3
156,157,1,3,4,3,3,3
157,158,1,1,3,4,4,2
158,159,1,3,2,2,4,4
159,160,1,1,4,3,3,3
160,161,1,4,3,2,3,3
161,162,1,4,1,3,3,3
162,163,1,4,3,4,3,2
163,164,1,1,4,3,4,4
164,165,1,2,4,2,3,3
165,166,1,1,4,3,3,3
166,167,1,4,2,3,4,2
167,168,2,1,3,2,3,3
168,169,1,2,3,3,3,3
169,170,1,1,2,4,3,3
170,171,1,4,3,2,3,3
171,172,1,1,3,3,3,4
172,173,1,4,3,3,3,1
173,174,3,1,4,2,3,2
174,175,1,3,4,2,3,3
175,176,1,4,3,3,3,3
176,177,1,4,4,3,4,3
177,178,1,4,1,3,4,2
178,179,1,2,4,3,4,3
179,180,1,3,4,2,3,3
180,181,1,4,4,2,3,3
181,182,1,2,2,2,3,2
182,183,1,1,3,3,3,3
183,184,1,1,2,3,3,3
184,185,1,4,4,3,3,3
185,186,1,1,3,3,3,3
186,187,1,2,3,3,3,3
187,188,1,4,4,2,4,3
188,189,1,3,4,1,3,2
189,190,1,3,3,2,4,3
190,191,1,3,4,3,3,3
191,192,1,3,4,3,3,3
192,193,1,1,4,3,3,3
193,194,1,3,2,3,3,3
194,195,1,3,3,2,3,2
195,196,1,3,2,2,3,3
196,197,1,4,4,3,3,3
197,198,1,3,3,3,3,3
198,199,1,4,1,3,3,1
199,200,1,3,1,3,3,3
200,201,1,4,2,3,4,4
201,202,1,1,1,3,3,3
202,203,1,3,3,4,3,3
203,204,1,4,4,3,3,3
204,205,1,4,2,3,3,2
205,206,1,1,4,3,3,4
206,207,1,2,4,2,3,3
207,208,1,1,1,4,3,3
208,209,1,3,4,2,4,3
209,210,1,4,2,3,3,3
210,211,1,1,4,3,3,2
211,212,1,4,3,3,3,2
212,213,1,3,3,3,4,3
213,214,1,2,4,3,3,3
214,215,1,4,3,3,3,3
215,216,1,3,1,3,3,3
216,217,1,2,4,2,3,2
217,218,1,2,2,2,3,3
218,219,1,1,1,2,3,1
219,220,1,1,4,3,3,3
220,221,1,2,4,2,3,2
221,222,1,4,3,4,3,3
222,223,1,3,2,3,3,4
223,224,1,1,4,1,3,3
224,225,1,1,3,3,3,2
225,226,1,4,3,3,3,2
226,227,1,3,4,3,3,3
227,228,1,4,1,3,3,4
228,229,1,3,1,3,4,3
229,230,1,1,2,4,3,3
230,231,1,3,2,2,3,3
231,232,1,2,2,4,3,2
232,233,1,4,1,3,3,2
233,234,1,4,2,2,3,1
234,235,1,1,4,3,3,3
235,236,1,3,4,3,3,1
236,237,1,1,2,3,3,3
237,238,1,4,1,2,3,3
238,239,1,4,2,3,3,3
239,240,1,3,3,3,3,3
240,241,1,4,3,2,3,3
241,242,1,3,2,3,3,3
242,243,1,3,3,3,4,3
243,244,1,2,3,3,3,3
244,245,1,4,4,3,3,3
245,246,1,2,2,3,3,2
246,247,1,4,2,3,3,2
247,248,1,4,1,3,3,3
248,249,1,2,1,4,3,3
249,250,1,3,3,4,4,3
250,251,1,2,4,3,3,4
251,252,1,3,4,3,3,2
252,253,1,4,3,2,4,3
253,254,1,1,3,3,3,3
254,255,1,4,4,2,3,2
255,256,1,1,4,3,4,2
256,257,1,2,1,1,3,3
257,258,1,4,4,3,3,3
258,259,1,1,1,3,3,3
259,260,1,3,2,3,3,3
260,261,1,3,2,3,3,2
261,262,1,1,2,3,3,1
262,263,1,2,4,3,3,3
263,264,1,4,2,2,4,3
264,265,2,3,3,3,3,3
265,266,1,3,4,3,3,2
266,267,1,2,3,2,4,3
267,268,1,2,3,3,3,2
268,269,1,4,2,3,3,3
269,270,1,4,4,3,4,2
270,271,1,4,4,3,4,3
271,272,1,4,4,3,4,1
272,273,1,4,3,1,4,3
273,274,1,3,4,3,3,3
274,275,1,3,3,1,4,2
275,276,1,1,2,3,3,4
276,277,1,2,3,1,3,2
277,278,1,3,3,3,3,3
278,279,1,4,3,3,4,3
279,280,1,4,4,1,3,4
280,281,1,1,2,3,3,3
281,282,1,4,3,3,4,1
282,283,1,1,3,3,3,3
283,284,1,3,2,3,3,2
284,285,1,4,2,3,3,3
285,286,1,3,2,3,3,3
286,287,1,4,2,3,3,2
287,288,1,1,1,4,3,2
288,289,1,1,4,3,3,1
289,290,1,1,4,3,3,3
290,291,1,4,3,3,3,3
291,292,1,4,4,2,3,3
292,293,1,1,3,3,3,4
293,294,1,1,1,3,3,4
294,295,1,4,3,2,3,4
295,296,1,4,3,3,3,3
296,297,1,4,4,2,3,3
297,298,3,2,2,1,3,2
298,299,1,2,4,3,3,3
299,300,1,4,2,3,3,2
300,301,1,2,2,4,3,2
301,302,1,1,4,3,3,3
302,303,1,4,4,3,3,3
303,304,1,2,4,2,3,3
304,305,1,2,4,4,3,2
305,306,1,1,4,3,3,3
306,307,1,4,4,3,3,3
307,308,1,3,4,4,3,2
308,309,1,3,4,2,3,2
309,310,1,2,3,2,3,4
310,311,1,4,1,1,3,2
311,312,1,1,2,3,3,3
312,313,1,1,2,2,3,3
313,314,1,1,1,4,3,3
314,315,1,2,3,3,3,3
315,316,1,3,3,4,3,3
316,317,1,3,2,3,3,3
317,318,1,3,4,3,3,2
318,319,1,3,1,3,3,2
319,320,1,4,1,4,3,2
320,321,1,3,1,4,3,3
321,322,1,3,3,3,3,2
322,323,1,3,4,3,3,2
323,324,1,3,3,3,3,3
324,325,1,1,4,3,3,3
325,326,1,2,2,3,3,4
326,327,1,2,3,3,3,3
327,328,1,1,3,2,3,3
328,329,1,4,4,4,3,3
329,330,1,4,4,4,4,4
330,331,1,2,3,3,3,3
331,332,1,4,1,3,4,4
332,333,1,3,3,3,3,3
333,334,1,3,2,3,3,4
334,335,1,1,4,2,3,3
335,336,1,4,4,1,3,3
336,337,1,2,2,2,3,4
337,338,1,1,3,2,3,3
338,339,1,4,4,3,3,2
339,340,1,3,4,4,3,3
340,341,1,4,1,3,3,3
341,342,1,4,4,3,3,3
342,343,1,4,1,3,3,3
343,344,1,3,1,3,4,2
344,345,1,2,3,2,3,3
345,346,3,4,2,1,3,3
346,347,1,1,1,4,3,3
347,348,1,4,4,3,3,2
348,349,1,3,4,3,3,2
349,350,1,1,3,1,3,3
350,351,1,2,1,2,3,3
351,352,1,1,3,3,3,2
352,353,1,4,1,4,3,3
353,354,1,4,2,4,4,3
354,355,1,2,4,3,3,2
355,356,1,1,2,3,3,3
356,357,1,3,3,4,4,3
357,358,1,3,4,3,3,2
358,359,1,1,2,3,4,3
359,360,1,1,3,2,3,3
360,361,1,4,1,3,3,3
361,362,1,3,4,1,3,2
362,363,1,2,3,2,3,4
363,364,3,2,1,2,3,3
364,365,1,3,4,3,3,1
365,366,1,3,1,3,3,4
366,367,1,1,4,2,3,3
367,368,4,2,2,3,3,2
368,369,1,4,3,4,3,3
369,370,1,4,4,3,3,3
370,371,1,2,3,3,3,3
371,372,1,3,3,3,3,3
372,373,1,3,1,4,3,2
373,374,1,2,4,4,3,3
374,375,1,4,2,3,3,3
375,376,1,1,3,3,3,3
376,377,1,2,3,3,3,3
377,378,1,1,2,2,3,3
378,379,1,2,1,3,3,2
379,380,1,2,1,2,3,4
380,381,1,1,1,2,3,2
381,382,1,4,3,3,3,4
382,383,1,1,1,3,4,3
383,384,3,2,3,2,4,3
384,385,1,2,4,3,3,4
385,386,1,2,3,2,3,3
386,387,1,2,2,3,3,2
387,388,1,3,1,3,3,3
388,389,1,4,4,3,3,3
389,390,1,1,3,2,3,3
390,391,1,3,4,2,3,2
391,392,1,3,3,3,3,2
392,393,1,2,4,4,4,3
393,394,1,2,2,2,3,4
394,395,1,2,3,3,3,3
395,396,1,4,1,3,3,3
396,397,1,1,3,3,3,2
397,398,1,3,3,1,3,3
398,399,1,1,3,3,3,2
399,400,3,2,4,4,3,3
400,401,1,4,3,3,3,3
401,402,1,3,1,1,4,3
402,403,1,4,1,3,3,2
403,404,1,2,4,1,3,3
404,405,1,2,4,2,3,2
405,406,2,4,4,3,3,2
406,407,1,4,4,2,3,4
407,408,1,4,4,3,3,3
408,409,1,1,3,3,3,3
409,410,1,3,4,4,3,4
410,411,1,1,3,3,3,3
411,412,1,3,2,3,3,2
412,413,1,1,3,3,3,3
413,414,1,4,4,3,3,2
414,415,1,4,1,3,3,3
415,416,1,4,1,4,3,2
416,417,1,2,4,2,3,3
417,418,1,3,3,4,3,2
418,419,1,1,3,3,3,3
419,420,1,1,3,2,3,1
420,421,1,3,1,3,3,3
421,422,1,4,1,4,3,3
422,423,1,1,4,3,3,3
423,424,1,4,4,3,3,2
424,425,1,4,4,4,3,4
425,426,1,3,3,3,3,3
426,427,1,1,4,3,3,3
427,428,1,1,4,3,3,4
428,429,1,2,1,1,3,3
429,430,1,2,2,3,3,3
430,431,1,3,3,2,3,3
431,432,1,3,1,2,3,1
432,433,1,3,1,1,3,3
433,434,1,4,4,3,4,3
434,435,1,3,3,3,3,3
435,436,1,2,4,2,3,3
436,437,1,4,4,3,3,2
437,438,1,1,1,1,3,3
438,439,1,1,1,2,3,3
439,440,1,1,4,4,3,3
440,441,1,4,1,3,3,3
441,442,3,1,1,2,3,3
442,443,1,1,4,2,3,3
443,444,1,3,4,3,3,3
444,445,1,3,3,4,3,3
445,446,1,1,3,3,3,3
446,447,1,3,3,3,3,3
447,448,1,3,4,3,4,3
448,449,1,2,4,4,3,3
449,450,1,3,4,3,3,2
450,451,1,4,2,3,3,3
451,452,1,2,3,3,3,3
452,453,1,4,1,2,3,3
453,454,1,1,1,2,3,3
454,455,1,4,2,3,3,2
455,456,1,2,2,3,3,3
456,457,1,2,4,3,3,3
457,458,1,1,4,2,3,3
458,459,1,4,4,3,3,3
459,460,1,3,4,3,3,3
460,461,1,2,3,3,3,3
461,462,1,4,2,3,4,4
462,463,1,2,3,3,4,4
463,464,1,3,4,3,4,3
464,465,1,3,2,3,4,3
465,466,1,1,1,3,3,3
466,467,1,2,3,4,3,2
467,468,1,2,1,3,3,4
468,469,1,1,4,4,3,3
469,470,1,3,4,2,3,3
470,471,1,3,2,3,3,4
471,472,1,3,3,3,3,2
472,473,1,4,1,3,3,3
473,474,1,1,4,3,3,3
474,475,1,3,4,3,3,3
475,476,1,3,3,3,3,3
476,477,1,3,3,3,4,4
477,478,1,2,3,3,3,3
478,479,1,1,4,3,3,3
479,480,1,1,4,3,3,3
480,481,4,3,4,2,3,3
481,482,1,3,2,2,3,3
482,483,1,4,3,2,4,3
483,484,1,3,4,3,3,3
484,485,1,1,1,2,3,3
485,486,1,3,2,3,3,3
486,487,1,4,4,2,3,3
487,488,1,3,4,3,3,3
488,489,1,2,1,2,3,2
489,490,1,4,3,3,4,3
490,491,1,3,1,2,3,3
491,492,1,2,2,3,3,3
492,493,1,4,2,3,3,3
493,494,1,4,3,3,3,4
494,495,1,3,3,3,3,3
495,496,1,2,4,2,3,2
496,497,1,1,1,2,3,1
497,498,1,1,1,2,3,4
498,499,1,3,3,3,3,2
499,500,1,1,4,3,4,3
500,501,1,4,1,3,3,3
501,502,1,4,4,3,4,1
502,503,1,3,4,2,3,3
503,504,1,3,1,3,3,3
504,505,1,3,3,4,3,3
505,506,1,4,1,2,3,3
506,507,1,4,1,3,3,3
507,508,1,4,2,3,3,3
508,509,1,4,3,4,3,4
509,510,1,3,1,3,3,4
510,511,1,2,3,3,3,3
511,512,1,2,2,1,3,2
512,513,1,3,1,3,3,4
513,514,1,4,4,1,3,3
514,515,1,3,4,2,4,3
515,516,1,1,3,4,3,3
516,517,1,4,1,3,3,2
517,518,1,3,2,2,3,3
518,519,1,2,4,3,3,2
519,520,1,4,1,2,3,3
520,521,1,1,3,3,3,2
521,522,1,4,2,2,3,2
522,523,1,4,3,2,3,3
523,524,1,3,3,3,4,3
524,525,1,3,3,2,3,3
525,526,1,3,2,2,3,3
526,527,1,2,4,3,3,2
527,528,1,1,4,3,3,3
528,529,1,1,2,3,4,1
529,530,1,4,4,3,3,3
530,531,1,4,4,2,3,4
531,532,1,3,4,3,3,4
532,533,4,4,4,3,3,4
533,534,1,4,2,3,3,3
534,535,1,2,2,3,3,2
535,536,1,2,4,4,3,3
536,537,1,3,2,3,3,3
537,538,1,4,4,2,3,3
538,539,1,2,4,4,3,3
539,540,4,2,4,3,4,2
540,541,1,3,4,3,4,3
541,542,1,3,1,2,3,3
542,543,1,2,3,3,4,4
543,544,2,4,1,2,3,2
544,545,1,1,2,4,3,3
545,546,1,1,4,3,4,3
546,547,1,4,2,3,3,2
547,548,1,1,3,3,4,2
548,549,1,3,1,2,3,3
549,550,1,4,4,4,3,3
550,551,1,4,1,3,3,2
551,552,1,2,4,3,4,2
552,553,1,3,4,3,3,2
553,554,1,1,3,4,3,1
554,555,1,2,1,3,3,2
555,556,1,3,2,3,3,2
556,557,1,3,4,3,4,3
557,558,1,3,3,1,3,1
558,559,1,1,4,3,3,1
559,560,1,3,2,4,3,3
560,561,1,4,2,3,4,3
561,562,1,2,2,3,3,3
562,563,1,1,3,2,3,3
563,564,1,1,4,1,3,2
564,565,1,2,3,3,3,4
565,566,1,4,3,2,3,3
566,567,1,1,2,3,3,3
567,568,1,3,2,2,3,2
568,569,1,1,1,3,4,4
569,570,1,3,3,3,3,2
570,571,1,2,2,3,3,3
571,572,1,1,3,3,4,3
572,573,1,1,1,3,3,4
573,574,1,4,4,4,3,4
574,575,1,4,4,3,4,2
575,576,1,4,3,1,3,3
576,577,1,3,4,3,3,1
577,578,1,2,2,2,3,4
578,579,1,2,4,3,3,4
579,580,1,1,2,3,3,2
580,581,1,4,2,3,3,3
581,582,1,1,3,3,3,3
582,583,1,4,2,3,3,3
583,584,1,4,2,2,3,3
584,585,1,2,1,3,4,3
585,586,2,1,3,2,3,3
586,587,1,3,4,3,3,3
587,588,1,3,1,3,4,3
588,589,1,3,2,3,3,3
589,590,1,2,4,2,3,3
590,591,1,2,3,3,3,3
591,592,1,3,3,2,3,3
592,593,1,2,3,3,3,3
593,594,1,3,4,1,4,3
594,595,1,3,3,1,3,3
595,596,1,3,4,2,4,2
596,597,1,4,3,3,3,3
597,598,1,3,3,3,3,3
598,599,1,4,4,3,3,3
599,600,1,4,3,4,3,3
600,601,1,2,4,2,3,2
601,602,1,3,1,3,3,3
602,603,1,3,1,2,4,3
603,604,1,2,4,3,3,3
604,605,1,2,4,3,3,3
605,606,1,3,4,2,3,3
606,607,1,1,3,2,3,3
607,608,1,1,3,3,3,4
608,609,1,3,4,3,3,2
609,610,1,3,4,3,3,1
610,611,1,2,3,2,3,3
611,612,1,2,3,3,3,3
612,613,1,3,4,4,3,2
613,614,1,3,2,3,3,2
614,615,1,2,3,3,3,1
615,616,1,4,1,3,3,3
616,617,1,3,3,3,3,3
617,618,1,1,4,1,3,2
618,619,1,4,3,3,3,3
619,620,1,1,3,3,3,1
620,621,1,3,2,2,3,3
621,622,1,3,3,3,3,3
622,623,1,1,3,3,3,3
623,624,1,3,2,2,3,3
624,625,1,3,3,2,4,3
625,626,1,4,4,2,3,4
626,627,1,4,3,3,3,3
627,628,4,1,4,3,3,4
628,629,1,2,3,3,4,3
629,630,1,3,1,3,3,1
630,631,1,4,2,3,3,3
631,632,4,3,4,2,3,2
632,633,1,3,3,3,3,3
633,634,1,1,2,2,3,2
634,635,1,4,1,3,3,3
635,636,1,4,2,2,3,3
636,637,1,3,3,3,3,2
637,638,1,2,1,3,3,1
638,639,4,4,4,3,4,3
639,640,1,4,1,3,3,4
640,641,1,4,4,3,3,4
641,642,1,3,1,3,3,3
642,643,1,3,2,4,3,3
643,644,1,2,2,2,3,2
644,645,1,4,3,2,3,4
645,646,1,1,2,3,3,1
646,647,1,3,2,3,4,3
647,648,1,1,1,4,4,3
648,649,1,1,3,2,3,3
649,650,1,3,4,2,3,4
650,651,1,4,4,3,4,2
651,652,1,2,3,2,3,3
652,653,1,2,3,1,3,4
653,654,1,2,1,3,3,3
654,655,4,3,4,3,3,2
655,656,1,3,2,3,4,3
656,657,1,2,3,3,3,2
657,658,1,4,4,3,3,3
658,659,1,2,2,4,4,3
659,660,1,3,2,2,3,3
660,661,4,2,1,2,3,1
661,662,1,2,1,3,3,3
662,663,1,2,1,2,4,3
663,664,1,4,3,4,3,2
664,665,2,1,1,4,3,3
665,666,1,3,1,3,4,2
666,667,1,4,4,3,3,3
667,668,1,4,3,2,3,2
668,669,1,4,3,2,3,2
669,670,1,4,2,2,4,2
670,671,1,1,3,3,3,1
671,672,1,1,2,3,3,2
672,673,1,3,4,4,3,3
673,674,1,3,3,3,3,3
674,675,1,1,4,3,3,3
675,676,1,4,4,2,3,3
676,677,1,4,3,3,3,3
677,678,1,2,4,4,3,1
678,679,1,3,4,2,3,4
679,680,1,4,2,3,4,2
680,681,1,2,3,3,3,3
681,682,1,4,3,3,3,4
682,683,1,3,1,2,3,2
683,684,1,3,4,2,3,3
684,685,1,1,2,3,3,3
685,686,1,4,1,4,3,3
686,687,1,4,3,3,3,2
687,688,1,3,1,3,3,3
688,689,1,4,4,3,4,3
689,690,1,3,1,4,3,3
690,691,1,4,3,1,3,3
691,692,1,2,2,3,3,3
692,693,1,4,3,3,3,2
693,694,4,3,4,1,4,2
694,695,1,1,3,3,3,2
695,696,1,4,4,2,3,3
696,697,1,2,2,3,3,3
697,698,3,3,4,3,3,1
698,699,1,3,3,2,3,3
699,700,1,1,4,1,3,3
700,701,1,4,4,3,3,2
701,702,1,4,4,3,3,3
702,703,1,1,3,3,3,3
703,704,1,4,2,3,4,4
704,705,1,4,3,3,3,3
705,706,1,3,3,2,3,2
706,707,1,2,1,3,3,3
707,708,1,1,3,3,3,3
708,709,1,4,1,3,3,4
709,710,1,3,2,4,3,1
710,711,1,1,4,3,3,3
711,712,1,3,1,2,3,2
712,713,1,2,1,3,3,3
713,714,1,2,1,3,3,2
714,715,1,4,3,3,3,3
715,716,1,4,4,2,3,3
716,717,1,3,1,2,3,2
717,718,1,3,1,4,3,2
718,719,1,3,3,4,3,2
719,720,1,4,1,3,3,3
720,721,1,2,4,4,3,2
721,722,1,3,2,3,3,4
722,723,1,3,4,2,3,3
723,724,1,2,4,3,3,3
724,725,1,4,4,3,3,3
725,726,1,3,1,3,3,3
726,727,1,1,1,1,3,2
727,728,1,1,4,2,3,3
728,729,1,2,4,3,3,4
729,730,1,1,2,3,3,3
730,731,1,1,2,3,3,2
731,732,1,3,3,2,3,3
732,733,1,1,1,2,3,3
733,734,4,1,2,2,3,1
734,735,1,4,2,3,4,3
735,736,1,1,3,2,3,3
736,737,1,2,3,1,3,2
737,738,1,3,1,3,3,3
738,739,1,3,4,3,3,2
739,740,1,1,1,4,3,4
740,741,1,2,4,3,3,3
741,742,1,2,3,3,3,3
742,743,1,1,2,3,3,3
743,744,1,4,1,3,3,3
744,745,1,3,1,2,3,3
745,746,1,2,3,4,3,2
746,747,1,4,4,2,3,3
747,748,1,1,1,2,4,3
748,749,1,3,1,3,3,3
749,750,1,3,4,3,3,3
750,751,1,1,1,3,3,3
751,752,1,1,2,3,3,1
752,753,1,1,3,3,4,4
753,754,1,2,3,3,3,3
754,755,1,4,2,2,3,3
755,756,1,1,3,2,4,3
756,757,1,3,3,3,3,3
757,758,1,2,1,1,4,2
758,759,1,1,3,3,3,2
759,760,1,3,4,3,3,3
760,761,1,3,2,3,3,3
761,762,1,2,2,2,4,3
762,763,1,3,4,4,3,3
763,764,1,3,4,1,3,2
764,765,1,4,3,4,3,3
765,766,1,3,3,3,3,3
766,767,1,3,3,1,3,1
767,768,1,2,2,3,4,2
768,769,1,2,1,3,4,3
769,770,1,3,2,3,3,2
770,771,1,3,4,3,3,4
771,772,1,3,3,3,4,3
772,773,1,4,1,3,3,2
773,774,1,2,1,3,3,3
774,775,1,4,4,3,3,3
775,776,1,1,4,3,3,3
776,777,1,2,3,3,4,2
777,778,1,4,4,3,3,3
778,779,1,3,1,3,4,3
779,780,1,3,2,3,3,2
780,781,1,4,1,3,3,1
781,782,1,3,3,3,3,2
782,783,1,1,1,3,3,2
783,784,1,3,3,3,3,2
784,785,4,2,3,2,3,2
785,786,1,4,3,2,3,3
786,787,1,3,1,3,3,2
787,788,1,1,4,3,3,3
788,789,1,2,3,3,4,2
789,790,1,3,4,3,3,3
790,791,1,4,3,3,3,3
791,792,1,1,4,2,3,2
792,793,1,3,3,3,3,3
793,794,1,2,3,3,3,3
794,795,1,4,4,1,3,3
795,796,1,1,2,2,3,3
796,797,1,1,3,4,3,4
797,798,1,4,2,3,3,3
798,799,1,4,3,3,3,2
799,800,1,3,4,3,3,3
800,801,1,2,3,2,3,3
801,802,1,4,2,4,3,2
802,803,1,3,4,3,3,3
803,804,1,4,3,4,3,2
804,805,1,3,1,3,3,3
805,806,1,2,1,1,3,3
806,807,1,4,1,3,3,2
807,808,1,4,4,3,3,4
808,809,1,3,3,2,3,3
809,810,1,1,4,3,3,3
810,811,1,3,3,3,3,2
811,812,2,3,4,2,3,2
812,813,1,3,1,3,3,3
813,814,1,4,1,3,3,2
814,815,1,1,3,3,3,4
815,816,4,4,2,3,4,3
816,817,1,3,2,3,3,3
817,818,1,2,4,3,4,3
818,819,1,1,3,3,4,2
819,820,1,3,2,3,3,4
820,821,1,4,1,3,4,3
821,822,1,4,4,2,4,3
822,823,1,3,4,2,3,3
823,824,1,4,3,4,3,3
824,825,1,4,4,3,3,3
825,826,1,3,3,1,3,3
826,827,1,4,2,3,4,3
827,828,1,4,4,1,3,3
828,829,1,4,3,2,3,3
829,830,1,2,3,3,4,3
830,831,1,4,1,3,3,3
831,832,3,1,4,3,4,3
832,833,1,4,2,3,3,1
833,834,1,3,4,3,3,1
834,835,1,4,2,3,3,2
835,836,1,3,1,3,3,3
836,837,1,3,4,3,3,3
837,838,1,3,4,3,4,3
838,839,1,4,2,3,3,3
839,840,1,4,3,2,3,2
840,841,1,3,1,4,3,3
841,842,1,4,2,3,3,3
842,843,1,3,1,2,3,3
843,844,1,3,4,3,3,4
844,845,2,1,2,4,3,2
845,846,1,4,4,2,3,1
846,847,1,3,1,3,3,3
847,848,1,3,1,3,3,3
848,849,1,4,3,3,3,2
849,850,1,4,1,3,3,3
850,851,1,4,2,2,4,3
851,852,1,2,4,2,3,2
852,853,1,4,3,3,3,2
853,854,1,4,3,2,3,1
854,855,2,3,3,3,3,3
855,856,1,1,4,3,3,3
856,857,1,1,3,3,3,3
857,858,1,3,4,2,3,2
858,859,1,4,3,4,3,3
859,860,1,3,1,4,3,3
860,861,1,4,4,3,3,3
861,862,1,4,3,3,3,3
862,863,1,4,1,2,3,3
863,864,1,4,4,3,4,3
864,865,1,1,3,2,3,4
865,866,1,1,4,3,3,3
866,867,1,2,4,3,3,3
867,868,1,4,2,3,3,3
868,869,1,4,1,3,3,3
869,870,1,3,2,3,3,2
870,871,1,3,4,3,3,2
871,872,1,3,4,3,3,3
872,873,1,4,1,2,3,3
873,874,1,2,4,3,3,1
874,875,2,1,2,2,3,2
875,876,1,4,4,1,3,2
876,877,1,2,3,3,3,3
877,878,1,3,4,2,3,3
878,879,1,3,4,3,3,2
879,880,1,3,4,3,3,2
880,881,1,3,3,3,3,3
881,882,1,2,3,3,3,4
882,883,1,3,2,2,3,3
883,884,1,3,3,3,3,3
884,885,1,3,4,3,4,2
885,886,1,4,2,2,3,3
886,887,2,4,4,3,3,3
887,888,1,2,2,3,3,3
888,889,1,3,3,2,4,3
889,890,1,2,3,3,3,3
890,891,1,2,4,4,3,2
891,892,1,4,3,3,3,4
892,893,1,2,1,3,3,3
893,894,1,3,1,3,3,2
894,895,1,1,3,3,3,3
895,896,1,1,4,3,4,3
896,897,1,4,3,3,3,3
897,898,1,3,1,2,3,3
898,899,1,3,1,3,3,3
899,900,1,4,4,3,3,2
900,901,1,4,4,3,3,1
901,902,1,4,3,1,3,2
902,903,1,2,4,3,4,1
903,904,1,3,3,2,3,3
904,905,1,2,2,2,3,4
905,906,1,3,3,3,3,1
906,907,1,3,4,2,3,3
907,908,1,1,2,3,3,3
908,909,1,3,1,3,3,3
909,910,1,4,3,3,3,3
910,911,1,3,3,2,3,3
911,912,1,2,4,3,3,4
912,913,1,4,3,3,3,2
913,914,1,4,3,4,3,3
914,915,1,3,4,3,3,3
915,916,1,4,4,2,3,3
916,917,1,2,4,3,3,3
917,918,1,1,1,2,3,1
918,919,1,2,3,2,3,4
919,920,1,4,3,3,3,3
920,921,1,3,3,3,3,3
921,922,1,1,4,3,3,4
922,923,1,4,3,3,4,3
923,924,1,3,4,3,3,3
924,925,1,3,2,2,3,3
925,926,1,4,4,2,3,3
926,927,1,1,1,4,3,4
927,928,1,3,2,4,4,3
928,929,2,4,2,4,3,3
929,930,1,1,3,3,3,3
930,931,1,4,1,3,3,3
931,932,1,4,2,3,3,3
932,933,1,3,3,1,3,3
933,934,1,4,3,3,3,2
934,935,1,4,3,4,3,3
935,936,1,3,4,2,3,3
936,937,1,4,4,2,4,2
937,938,1,4,2,3,3,3
938,939,1,4,4,3,3,3
939,940,1,4,3,4,3,3
940,941,1,4,1,3,3,3
941,942,1,1,4,1,3,3
942,943,1,3,4,4,3,3
943,944,1,2,4,3,3,3
944,945,1,2,4,3,3,2
945,946,1,3,3,1,3,3
946,947,1,2,1,3,3,3
947,948,2,2,3,3,4,3
948,949,1,3,1,3,3,3
949,950,2,3,3,4,3,3
950,951,1,4,3,3,3,2
951,952,1,2,2,3,3,3
952,953,1,3,4,2,3,3
953,954,1,3,4,3,3,1
954,955,1,4,2,3,3,2
955,956,1,3,4,3,3,2
956,957,1,4,4,2,3,3
957,958,1,1,4,2,4,1
958,959,1,3,4,4,4,2
959,960,1,1,2,3,3,2
960,961,1,1,1,2,3,4
961,962,1,2,1,3,3,3
962,963,1,4,4,2,3,2
963,964,1,4,2,2,3,3
964,965,1,3,3,2,3,3
965,966,1,2,4,3,3,2
966,967,1,2,4,3,3,3
967,968,1,4,3,2,3,2
968,969,1,1,4,2,3,2
969,970,1,1,3,3,3,4
970,971,1,2,3,3,3,3
971,972,1,4,1,3,4,1
972,973,1,2,1,2,3,3
973,974,1,3,4,3,3,3
974,975,1,2,3,3,3,3
975,976,1,1,1,2,4,3
976,977,1,1,4,3,3,3
977,978,2,2,2,3,3,3
978,979,1,2,3,3,3,3
979,980,1,2,3,2,3,3
980,981,1,4,2,2,4,1
981,982,1,1,2,3,3,3
982,983,1,4,3,2,3,3
983,984,1,2,3,3,3,3
984,985,1,2,4,3,3,3
985,986,1,1,4,3,4,2
986,987,1,4,1,1,3,3
987,988,1,4,4,2,3,2
988,989,1,2,1,3,3,3
989,990,1,1,3,3,3,3
990,991,4,4,4,3,3,3
991,992,1,2,4,3,3,3
992,993,2,3,1,3,3,2
993,994,1,4,3,1,3,3
994,995,1,2,2,3,3,3
995,996,1,3,4,2,3,3
996,997,1,4,3,3,3,2
997,998,1,3,4,3,3,2
998,999,1,2,2,2,4,3
999,1000,1,3,2,3,3,3
1000,1001,1,3,2,2,3,4
1001,1002,1,1,4,4,3,3
1002,1003,1,4,4,3,3,3
1003,1004,1,4,3,3,3,3
1004,1005,1,1,1,3,3,3
1005,1006,1,3,3,3,3,2
1006,1007,1,3,4,2,3,3
1007,1008,1,3,3,2,3,3
1008,1009,1,2,4,2,3,4
1009,1010,1,4,1,3,3,3
1010,1011,1,3,3,3,3,3
1011,1012,1,1,3,2,3,2
1012,1013,1,3,1,3,4,3
1013,1014,1,1,2,3,3,3
1014,1015,1,3,2,2,4,3
1015,1016,1,2,4,2,3,2
1016,1017,1,1,4,3,3,3
1017,1018,1,3,3,2,4,1
1018,1019,1,4,1,3,3,3
1019,1020,1,3,3,3,3,2
1020,1021,1,4,3,3,3,3
1021,1022,1,2,4,2,3,3
1022,1023,1,2,1,3,3,2
1023,1024,1,4,2,3,3,2
1024,1025,1,4,3,3,3,3
1025,1026,1,1,1,3,3,3
1026,1027,1,1,4,2,3,3
1027,1028,4,2,1,3,3,3
1028,1029,1,1,2,1,3,3
1029,1030,1,1,2,3,3,4
1030,1031,1,3,1,3,3,4
1031,1032,1,2,3,3,3,3
1032,1033,1,3,4,3,3,2
1033,1034,1,3,2,3,4,3
1034,1035,1,2,2,2,3,2
1035,1036,1,2,4,1,4,3
1036,1037,1,3,3,3,3,2
1037,1038,1,4,3,4,3,3
1038,1039,1,4,3,3,3,2
1039,1040,1,2,2,3,3,3
1040,1041,1,1,4,3,3,2
1041,1042,1,1,2,3,3,2
1042,1043,1,2,3,4,3,2
1043,1044,1,4,4,2,3,3
1044,1045,1,4,3,3,3,3
1045,1046,1,1,3,3,3,3
1046,1047,1,3,4,3,3,3
1047,1048,1,2,4,3,3,2
1048,1049,1,2,1,3,3,3
1049,1050,1,3,2,3,3,4
1050,1051,1,1,1,2,3,2
1051,1052,1,1,1,2,3,3
1052,1053,1,4,1,3,4,4
1053,1054,1,1,3,4,3,3
1054,1055,1,4,2,4,3,3
1055,1056,1,3,4,3,3,1
1056,1057,1,1,1,3,3,3
1057,1058,1,4,3,3,3,3
1058,1059,1,4,3,2,3,3
1059,1060,1,2,3,3,3,2
1060,1061,1,3,2,3,3,2
1061,1062,1,4,3,3,3,4
1062,1063,1,2,3,3,3,2
1063,1064,1,2,3,3,3,3
1064,1065,1,4,1,3,3,3
1065,1066,4,1,1,2,4,3
1066,1067,1,3,2,3,3,3
1067,1068,1,2,4,3,3,4
1068,1069,1,1,3,3,3,3
1069,1070,1,3,4,3,3,3
1070,1071,1,4,4,3,4,2
1071,1072,1,4,1,3,3,1
1072,1073,2,2,2,3,3,3
1073,1074,1,1,2,3,3,3
1074,1075,1,4,1,3,3,2
1075,1076,1,2,4,3,3,2
1076,1077,1,2,2,3,3,4
1077,1078,1,3,3,3,3,3
1078,1079,1,4,3,4,3,3
1079,1080,1,4,1,4,3,3
1080,1081,3,2,3,2,3,2
1081,1082,1,2,3,2,3,2
1082,1083,1,4,4,4,3,3
1083,1084,1,4,1,3,3,3
1084,1085,1,2,3,3,3,3
1085,1086,1,3,4,3,3,3
1086,1087,1,3,3,3,3,3
1087,1088,1,4,3,3,3,1
1088,1089,1,4,4,3,3,2
1089,1090,1,2,4,2,4,3
1090,1091,1,4,4,1,3,2
1091,1092,1,1,3,4,3,3
1092,1093,1,3,4,3,3,2
1093,1094,1,2,1,3,3,1
1094,1095,1,3,3,2,3,3
1095,1096,1,3,1,3,3,3
1096,1097,1,2,2,3,3,3
1097,1098,1,1,3,3,3,3
1098,1099,1,3,3,2,3,3
1099,1100,1,3,4,3,3,3
1100,1101,1,2,1,3,3,2
1101,1102,1,3,2,4,3,3
1102,1103,1,1,1,3,3,3
1103,1104,1,2,3,3,3,2
1104,1105,1,1,4,3,3,3
1105,1106,1,4,2,2,3,3
1106,1107,1,2,4,3,4,3
1107,1108,1,3,3,1,3,4
1108,1109,1,1,3,3,3,2
1109,1110,1,4,3,3,3,4
1110,1111,1,2,2,1,3,3
1111,1112,1,2,1,3,3,4
1112,1113,1,2,1,2,3,3
1113,1114,1,3,2,3,3,1
1114,1115,3,4,4,3,3,3
1115,1116,1,3,4,2,3,2
1116,1117,1,3,3,3,3,3
1117,1118,4,3,4,3,3,2
1118,1119,1,3,2,1,3,3
1119,1120,1,4,3,4,3,4
1120,1121,1,4,3,2,4,2
1121,1122,1,1,4,1,3,3
1122,1123,1,4,3,3,3,3
1123,1124,1,1,2,2,3,3
1124,1125,1,3,2,2,3,3
1125,1126,1,3,3,3,3,2
1126,1127,3,1,2,4,3,1
1127,1128,1,4,1,3,3,3
1128,1129,1,3,1,3,4,3
1129,1130,1,1,4,1,4,2
1130,1131,1,2,3,3,3,3
1131,1132,1,4,1,2,3,3
1132,1133,1,3,3,3,3,3
1133,1134,1,2,4,3,3,3
1134,1135,1,3,2,2,3,2
1135,1136,1,2,4,3,3,3
1136,1137,1,2,4,2,4,4
1137,1138,1,2,1,3,3,3
1138,1139,2,4,2,2,3,3
1139,1140,1,2,1,1,4,3
1140,1141,1,4,4,3,3,3
1141,1142,1,3,2,2,3,1
1142,1143,1,4,4,3,3,3
1143,1144,1,3,4,2,3,2
1144,1145,1,2,3,4,3,2
1145,1146,1,3,3,3,3,3
1146,1147,1,3,3,1,3,3
1147,1148,1,4,4,3,3,4
1148,1149,1,4,1,3,3,3
1149,1150,1,2,1,3,3,2
1150,1151,1,2,2,3,3,3
1151,1152,1,4,1,3,3,3
1152,1153,1,3,4,3,3,4
1153,1154,1,3,3,3,3,2
1154,1155,1,3,3,3,3,3
1155,1156,1,3,3,3,3,3
1156,1157,1,4,3,3,3,4
1157,1158,1,3,2,2,3,3
1158,1159,1,2,2,2,3,3
1159,1160,1,4,1,3,3,3
1160,1161,1,2,2,3,3,3
1161,1162,4,2,4,3,3,4
1162,1163,1,4,1,3,3,3
1163,1164,1,4,3,2,3,3
1164,1165,1,4,3,3,3,4
1165,1166,1,2,1,2,3,3
1166,1167,1,4,3,2,3,3
1167,1168,1,3,4,4,3,3
1168,1169,1,2,2,4,4,3
1169,1170,1,4,4,3,3,3
1170,1171,1,4,1,2,3,4
1171,1172,1,2,2,3,3,3
1172,1173,1,3,4,3,3,3
1173,1174,1,4,3,2,3,2
1174,1175,1,1,4,3,3,3
1175,1176,1,1,4,3,3,3
1176,1177,2,1,1,2,3,2
1177,1178,1,3,2,4,4,1
1178,1179,3,4,2,1,3,3
1179,1180,4,4,3,2,3,3
1180,1181,1,3,2,2,3,3
1181,1182,1,4,2,3,3,3
1182,1183,1,3,3,4,3,3
1183,1184,1,3,1,3,3,1
1184,1185,1,4,1,3,3,3
1185,1186,1,3,3,4,3,3
1186,1187,1,4,3,3,3,3
1187,1188,1,3,1,3,4,3
1188,1189,1,4,4,2,3,3
1189,1190,1,4,4,3,3,3
1190,1191,1,3,3,3,3,3
1191,1192,1,4,2,3,3,3
1192,1193,1,3,3,2,3,1
1193,1194,1,2,4,3,3,3
1194,1195,1,2,3,3,3,2
1195,1196,4,4,4,4,3,2
1196,1197,1,4,3,3,3,3
1197,1198,1,4,3,3,3,2
1198,1199,1,3,3,3,3,2
1199,1200,1,4,3,2,3,3
1200,1201,1,4,4,3,3,2
1201,1202,3,4,4,2,3,1
1202,1203,1,3,1,3,3,3
1203,1204,1,4,4,4,3,3
1204,1205,1,2,2,2,3,4
1205,1206,1,2,2,2,4,4
1206,1207,1,4,4,2,3,3
1207,1208,1,4,1,3,4,3
1208,1209,1,4,4,3,3,4
1209,1210,1,3,3,3,3,4
1210,1211,1,3,3,3,3,2
1211,1212,1,2,1,2,3,3
1212,1213,1,1,2,2,3,3
1213,1214,1,3,2,3,3,3
1214,1215,1,3,4,3,3,4
1215,1216,1,2,2,2,3,2
1216,1217,1,3,4,3,3,3
1217,1218,1,3,1,3,3,2
1218,1219,1,4,4,3,3,3
1219,1220,1,3,2,3,3,3
1220,1221,1,2,4,3,3,2
1221,1222,1,4,4,2,4,2
1222,1223,1,1,3,4,3,3
1223,1224,1,2,4,3,3,3
1224,1225,1,1,4,2,3,2
1225,1226,1,3,3,2,3,2
1226,1227,1,2,3,2,3,3
1227,1228,1,1,1,4,3,2
1228,1229,1,2,3,3,4,3
1229,1230,1,2,4,4,3,2
1230,1231,1,4,4,3,3,3
1231,1232,1,1,3,2,3,3
1232,1233,2,3,4,3,3,4
1233,1234,1,1,4,3,3,3
1234,1235,1,3,4,3,3,3
1235,1236,1,4,1,3,3,3
1236,1237,1,3,3,1,3,2
1237,1238,1,1,2,3,4,3
1238,1239,4,4,4,4,3,3
1239,1240,1,4,3,2,3,3
1240,1241,1,3,1,2,3,3
1241,1242,1,3,3,3,3,3
1242,1243,1,3,1,3,3,3
1243,1244,1,1,3,2,3,2
1244,1245,1,2,4,4,3,3
1245,1246,1,2,1,3,3,4
1246,1247,1,4,4,3,3,3
1247,1248,1,3,1,3,3,3
1248,1249,1,4,1,3,3,3
1249,1250,1,2,4,2,3,3
1250,1251,1,4,4,2,3,4
1251,1252,1,3,4,3,3,3
1252,1253,2,3,2,2,3,3
1253,1254,1,1,4,3,4,3
1254,1255,1,4,3,3,3,2
1255,1256,1,4,1,3,4,3
1256,1257,1,4,2,3,3,3
1257,1258,1,3,3,2,3,3
1258,1259,1,2,2,2,4,2
1259,1260,1,1,1,1,4,3
1260,1261,1,3,4,2,4,2
1261,1262,1,1,3,2,3,3
1262,1263,1,2,3,3,3,3
1263,1264,1,2,1,3,3,3
1264,1265,1,3,4,3,3,3
1265,1266,1,1,4,2,3,3
1266,1267,1,3,4,3,3,2
1267,1268,1,1,1,3,3,2
1268,1269,1,3,4,4,3,3
1269,1270,1,2,3,3,3,3
1270,1271,1,2,4,3,3,2
1271,1272,1,3,3,3,3,1
1272,1273,1,2,2,2,3,3
1273,1274,1,2,4,2,3,3
1274,1275,1,3,1,4,4,3
1275,1276,1,4,3,3,4,1
1276,1277,1,4,2,3,3,3
1277,1278,1,3,3,3,3,3
1278,1279,1,4,4,4,3,3
1279,1280,1,1,3,2,3,3
1280,1281,1,1,3,3,3,2
1281,1282,2,1,1,3,3,2
1282,1283,1,1,3,3,3,3
1283,1284,1,2,4,3,3,3
1284,1285,1,3,2,3,3,3
1285,1286,1,2,3,3,4,1
1286,1287,1,2,4,2,4,3
1287,1288,1,2,4,3,3,3
1288,1289,1,2,3,3,3,3
1289,1290,1,3,3,3,3,4
1290,1291,1,4,2,4,3,3
1291,1292,1,1,2,3,3,3
1292,1293,1,3,4,3,4,3
1293,1294,1,4,2,3,3,2
1294,1295,1,2,3,2,4,3
1295,1296,1,4,1,3,3,3
1296,1297,1,3,4,3,4,3
1297,1298,1,3,4,2,3,4
1298,1299,1,3,4,2,3,2
1299,1300,1,3,4,3,3,3
1300,1301,1,3,3,3,3,3
1301,1302,4,1,3,3,3,3
1302,1303,1,4,2,3,3,3
1303,1304,1,3,1,1,3,3
1304,1305,1,1,3,3,3,3
1305,1306,1,2,4,1,3,1
1306,1307,1,3,3,3,3,3
1307,1308,1,4,2,2,4,3
1308,1309,1,3,1,2,3,4
1309,1310,1,3,3,3,3,2
1310,1311,1,4,2,2,3,4
1311,1312,1,3,4,2,3,3
1312,1313,1,4,1,3,3,2
1313,1314,1,4,3,3,3,3
1314,1315,1,3,3,3,4,3
1315,1316,1,1,3,3,3,2
1316,1317,1,4,3,3,3,3
1317,1318,2,3,3,2,3,3
1318,1319,1,1,4,4,3,3
1319,1320,1,4,3,3,3,3
1320,1321,1,3,3,3,3,3
1321,1322,1,1,1,3,3,4
1322,1323,1,2,3,3,3,1
1323,1324,1,3,1,3,3,3
1324,1325,1,3,1,4,4,3
1325,1326,1,3,2,2,3,3
1326,1327,1,4,1,2,3,3
1327,1328,1,4,3,2,3,3
1328,1329,1,2,4,2,4,2
1329,1330,1,4,3,2,3,3
1330,1331,1,3,4,3,3,2
1331,1332,1,4,3,2,3,3
1332,1333,1,2,4,3,3,3
1333,1334,1,3,4,3,3,3
1334,1335,2,4,2,3,3,3
1335,1336,1,3,4,3,4,1
1336,1337,1,4,4,2,3,2
1337,1338,1,3,2,3,4,4
1338,1339,1,1,4,3,3,2
1339,1340,4,2,2,3,3,3
1340,1341,1,4,2,2,3,3
1341,1342,1,1,3,3,3,2
1342,1343,1,3,2,2,3,3
1343,1344,1,3,2,2,3,3
1344,1345,1,2,2,2,3,2
1345,1346,1,2,2,2,3,4
1346,1347,1,2,1,3,3,3
1347,1348,1,1,4,2,3,3
1348,1349,1,1,3,3,4,3
1349,1350,1,4,2,4,3,2
1350,1351,1,3,1,2,4,3
1351,1352,1,3,4,3,3,3
1352,1353,1,4,4,3,3,3
1353,1354,1,1,1,2,3,3
1354,1355,1,2,3,3,3,4
1355,1356,1,2,4,3,3,3
1356,1357,1,1,2,1,3,1
1357,1358,1,3,4,3,3,3
1358,1359,1,2,3,3,3,2
1359,1360,1,2,2,3,4,3
1360,1361,1,3,4,2,3,3
1361,1362,1,1,1,2,3,2
1362,1363,1,3,3,3,3,4
1363,1364,1,3,4,2,3,3
1364,1365,1,1,2,2,3,3
1365,1366,1,4,3,3,3,3
1366,1367,1,4,4,2,3,3
1367,1368,1,3,2,3,3,3
1368,1369,1,1,4,1,3,3
1369,1370,1,4,3,3,3,3
1370,1371,1,1,4,3,3,3
1371,1372,1,2,3,2,3,3
1372,1373,1,3,1,3,3,3
1373,1374,1,2,4,2,3,3
1374,1375,3,4,3,1,3,3
1375,1376,1,1,1,2,3,1
1376,1377,1,4,2,3,3,3
1377,1378,1,1,2,3,3,1
1378,1379,1,3,1,3,3,3
1379,1380,1,3,3,2,3,4
1380,1381,1,3,2,4,3,2
1381,1382,1,2,4,3,3,3
1382,1383,1,3,4,2,3,4
1383,1384,1,4,3,4,3,2
1384,1385,1,4,4,4,3,3
1385,1386,1,4,3,3,4,3
1386,1387,1,4,4,1,3,3
1387,1388,1,4,2,4,3,3
1388,1389,1,2,3,2,3,2
1389,1390,1,3,2,3,4,3
1390,1391,1,2,4,4,3,3
1391,1392,1,3,4,3,3,4
1392,1393,1,3,4,2,3,4
1393,1394,1,2,3,1,3,3
1394,1395,1,3,2,2,3,4
1395,1396,1,2,1,3,3,4
1396,1397,1,2,1,2,4,4
1397,1398,1,3,3,3,3,2
1398,1399,2,2,3,3,3,2
1399,1400,1,1,3,3,3,3
1400,1401,1,3,1,3,3,2
1401,1402,1,3,2,3,3,3
1402,1403,1,3,1,2,3,2
1403,1404,1,4,3,2,3,1
1404,1405,1,1,3,3,3,3
1405,1406,1,4,2,3,3,3
1406,1407,1,2,2,2,3,3
1407,1408,1,1,3,4,3,2
1408,1409,1,2,1,2,3,3
1409,1410,2,4,1,3,3,3
1410,1411,1,3,4,3,3,3
1411,1412,1,1,4,3,4,3
1412,1413,1,1,3,3,3,3
1413,1414,2,3,3,3,3,3
1414,1415,1,4,4,2,4,3
1415,1416,1,4,4,2,3,2
1416,1417,1,2,1,4,3,1
1417,1418,1,3,4,3,3,4
1418,1419,1,2,2,2,3,2
1419,1420,1,1,4,3,3,3
1420,1421,1,4,3,3,3,3
1421,1422,1,4,3,3,3,3
1422,1423,1,1,2,3,3,3
1423,1424,1,3,4,1,4,4
1424,1425,1,3,3,1,3,3
1425,1426,1,2,1,3,3,3
1426,1427,1,2,4,3,3,2
1427,1428,1,4,2,3,3,1
1428,1429,1,2,2,1,3,3
1429,1430,4,3,3,1,4,4
1430,1431,1,1,4,4,3,3
1431,1432,1,3,1,3,4,2
1432,1433,1,1,3,3,3,3
1433,1434,1,3,1,2,3,3
1434,1435,1,3,3,4,3,3
1435,1436,1,3,4,1,3,3
1436,1437,1,4,3,2,3,3
1437,1438,1,2,1,2,3,3
1438,1439,1,2,2,3,3,3
1439,1440,1,3,1,3,3,3
1440,1441,1,3,2,3,3,2
1441,1442,1,3,1,4,3,2
1442,1443,1,3,3,3,3,1
1443,1444,1,3,1,4,3,3
1444,1445,1,4,2,3,4,3
1445,1446,1,3,4,3,3,4
1446,1447,1,4,3,1,3,3
1447,1448,1,4,3,3,3,3
1448,1449,1,4,2,2,3,3
1449,1450,1,2,4,2,3,2
1450,1451,1,4,2,3,3,3
1451,1452,1,3,4,3,3,2
1452,1453,1,1,2,3,4,3
1453,1454,1,3,3,2,3,2
1454,1455,1,4,1,4,3,3
1455,1456,1,4,1,4,3,3
1456,1457,1,4,3,3,3,3
1457,1458,1,3,1,2,3,3
1458,1459,1,4,1,3,4,3
1459,1460,1,3,4,3,3,2
1460,1461,1,3,4,3,3,3
1461,1462,1,1,2,2,3,3
1462,1463,1,1,1,2,3,2
1463,1464,1,2,4,2,4,3
1464,1465,1,3,4,1,3,3
1465,1466,1,3,2,3,3,3
1466,1467,1,3,4,3,3,2
1467,1468,1,3,4,3,3,2
1468,1469,1,1,1,3,3,3
1469,1470,1,3,4,3,3,3
1470,1471,1,2,3,3,4,3
1471,1472,1,3,3,3,3,2
1472,1473,1,1,1,3,3,2
1473,1474,1,4,4,3,3,2
1474,1475,1,3,3,3,3,2
1475,1476,1,4,4,3,3,3
1476,1477,1,3,1,3,3,3
1477,1478,1,2,2,3,3,3
1478,1479,1,1,4,4,3,2
1479,1480,1,2,4,2,3,3
1480,1481,1,3,2,2,3,3
1481,1482,1,2,1,3,3,1
1482,1483,1,2,3,2,3,3
1483,1484,1,4,4,2,3,2
1484,1485,1,2,1,3,3,3
1485,1486,1,1,3,3,3,3
1486,1487,1,4,4,3,3,3
1487,1488,1,3,2,2,3,4
1488,1489,1,1,4,4,3,3
1489,1490,1,4,4,3,3,3
1490,1491,1,4,3,3,3,3
1491,1492,1,1,1,3,3,3
1492,1493,1,3,3,3,3,2
1493,1494,1,3,4,2,3,3
1494,1495,1,3,3,2,3,3
1495,1496,1,2,4,2,3,4
1496,1497,1,4,1,3,3,3
1497,1498,1,3,3,3,3,3
1498,1499,1,2,4,3,3,3
1499,1500,1,1,4,2,3,3
1500,1501,1,4,4,3,3,3
1501,1502,1,3,4,3,3,3
1502,1503,4,2,3,3,3,3
1503,1504,1,4,2,3,4,4
1504,1505,4,2,3,3,4,4
1505,1506,1,3,4,3,4,3
1506,1507,1,3,2,3,4,3
1507,1508,1,1,1,3,3,3
1508,1509,1,2,3,4,3,2
1509,1510,1,2,1,3,3,4
1510,1511,1,1,4,4,3,3
1511,1512,1,3,4,2,3,3
1512,1513,1,3,4,3,3,3
1513,1514,1,4,1,2,3,3
1514,1515,1,2,4,3,3,1
1515,1516,1,1,2,2,3,2
1516,1517,1,4,4,1,3,2
1517,1518,1,2,3,3,3,3
1518,1519,1,3,4,2,3,3
1519,1520,1,3,4,3,3,2
1520,1521,1,3,4,3,3,2
1521,1522,1,3,3,3,3,3
1522,1523,1,2,3,3,3,4
1523,1524,1,3,2,2,3,3
1524,1525,1,3,3,3,3,3
1525,1526,1,3,4,3,4,2
1526,1527,1,4,2,2,3,3
1527,1528,1,4,4,3,3,3
1528,1529,1,2,2,3,3,3
1529,1530,1,3,3,2,4,3
1530,1531,1,2,3,3,3,3
1531,1532,1,2,4,4,3,2
1532,1533,1,4,3,3,3,4
1533,1534,1,2,1,3,3,3
1534,1535,1,3,1,3,3,2
1535,1536,1,1,3,3,3,3
1536,1537,1,1,4,3,4,3
1537,1538,1,4,3,3,3,3
1538,1539,1,3,1,2,3,3
1539,1540,1,3,1,3,3,3
1540,1541,1,4,4,3,3,2
1541,1542,1,2,4,3,3,3
1542,1543,1,4,2,3,3,2
1543,1544,1,2,2,4,3,2
1544,1545,1,1,4,3,3,3
1545,1546,2,4,4,3,3,3
1546,1547,1,2,4,2,3,3
1547,1548,1,2,4,4,3,2
1548,1549,1,1,4,3,3,3
1549,1550,1,4,4,3,3,3
1550,1551,1,3,4,4,3,2
1551,1552,1,3,4,2,3,2
1552,1553,1,2,3,2,3,4
1553,1554,1,4,1,1,3,2
1554,1555,1,1,2,3,3,3
1555,1556,1,1,2,2,3,3
1556,1557,1,1,1,4,3,3
1557,1558,1,2,3,3,3,3
1558,1559,1,3,3,4,3,3
1559,1560,1,3,2,3,3,3
1560,1561,3,3,4,3,3,2
1561,1562,1,3,1,3,3,2
1562,1563,1,4,1,4,3,2
1563,1564,1,3,1,4,3,3
1564,1565,1,3,3,3,3,2
1565,1566,1,3,4,3,3,2
1566,1567,1,3,3,3,3,3
1567,1568,1,1,4,3,3,3
1568,1569,1,2,2,3,3,4
1569,1570,1,2,3,3,3,3
1570,1571,1,1,3,2,3,3
1571,1572,1,4,4,4,3,3
1572,1573,1,4,4,4,4,4
1573,1574,1,2,3,3,3,3
1574,1575,1,4,1,3,4,4
1575,1576,1,3,3,3,3,3
1576,1577,1,3,2,3,3,4
1577,1578,1,1,4,2,3,3
1578,1579,1,4,4,1,3,3
1579,1580,1,2,2,2,3,4
1580,1581,1,1,3,2,3,3
1581,1582,1,4,4,3,3,2
1582,1583,1,3,4,4,3,3
1583,1584,1,4,1,3,3,3
1584,1585,1,4,4,3,3,3
1585,1586,1,4,1,3,3,3
1586,1587,1,3,1,3,4,2
1587,1588,1,2,3,2,3,3
1588,1589,1,4,2,1,3,3
1589,1590,1,1,1,4,3,3
1590,1591,3,4,4,3,3,2
1591,1592,1,3,4,3,3,2
1592,1593,1,1,3,1,3,3
1593,1594,1,2,1,2,3,3
1594,1595,1,1,3,3,3,2
1595,1596,1,4,1,4,3,3
1596,1597,1,4,2,4,4,3
1597,1598,1,2,4,3,3,2
1598,1599,1,1,2,3,3,3
1599,1600,1,3,3,4,4,3
1600,1601,1,3,4,3,3,2
1601,1602,4,1,2,3,4,3
1602,1603,1,1,3,2,3,3
1603,1604,1,4,1,3,3,3
1604,1605,1,3,4,1,3,2
1605,1606,1,2,3,2,3,4
1606,1607,1,2,1,2,3,3
1607,1608,1,3,4,3,3,1
1608,1609,1,3,1,3,3,4
1609,1610,1,1,4,2,3,3
1610,1611,1,2,2,3,3,2
1611,1612,1,4,3,4,3,3
1612,1613,1,4,4,3,3,3
1613,1614,1,2,3,3,3,3
