,employeenumber,monthlyincome,monthlyrate,percentsalaryhike,salary
0,1,16280.83,42330.17,13,195370.0
1,2,16665.83,43331.17,14,199990.0
2,3,16026.67,41669.33,11,192320.0
3,4,14307.5,37199.5,19,171690.0
4,5,12783.92,33238.2,12,153407.04
5,6,14311.67,37210.33,11,171740.04
6,7,8339.32,21682.23,11,100071.84
7,8,4492.84,11681.39,25,53914.11
8,9,13829.17,35955.83,16,165950.0
9,10,15943.72,41453.67,17,191324.64
10,11,16644.17,43274.83,22,199730.0
11,12,11168.33,29037.67,12,134020.0
12,13,11005.0,28613.0,12,132060.0
13,14,16287.5,42347.5,12,195450.0
14,15,15943.72,41453.67,11,191324.64
15,16,15034.17,39088.83,14,180410.0
16,17,16038.33,41699.67,12,192460.0
17,18,12783.92,33238.2,23,153407.04
18,19,4492.84,11681.39,11,53914.08
19,20,8339.32,21682.23,13,100071.84
20,21,8956.67,23287.33,23,107480.0
21,22,8339.32,21682.23,12,100071.84
22,23,8339.32,21682.23,13,100071.84
23,24,13960.0,36296.0,11,167520.0
24,25,5167.5,13435.5,14,62010.0
25,26,8339.32,21682.23,20,100071.84
26,27,16537.5,42997.5,15,198450.0
27,28,4492.84,11681.39,11,53914.11
28,29,4492.84,11681.39,12,53914.11
29,30,3334.17,8668.83,14,40010.0
30,31,8705.83,22635.17,13,104470.0
31,32,8339.32,21682.23,23,100071.84
32,33,15943.72,41453.67,11,191324.62
33,34,4492.84,11681.39,14,53914.11
34,35,4492.84,11681.39,14,53914.08
35,36,8339.32,21682.23,25,100071.84
36,37,13386.67,34805.33,22,160640.0
37,38,2675.0,6955.0,11,32100.0
38,39,8555.0,22243.0,19,102660.0
39,40,8729.17,22695.83,21,104750.0
40,41,5135.0,13351.0,12,61620.0
41,42,3934.17,10228.83,13,47210.0
42,43,12783.92,33238.2,13,153407.07
43,44,2342.59,6090.75,16,28111.13
44,45,3845.83,9999.17,23,46150.0
45,46,4492.84,11681.39,15,53914.11
46,47,8339.32,21682.23,20,100071.84
47,48,14132.5,36744.5,12,169590.0
48,49,2342.59,6090.75,12,28111.13
49,50,4492.84,11681.39,11,53914.11
50,51,8339.32,21682.23,13,100071.84
51,52,12783.92,33238.2,12,153407.07
52,53,8588.33,22329.67,17,103059.96
53,54,15943.72,41453.67,13,191324.64
54,55,4492.84,11681.39,21,53914.08
55,56,4505.0,11713.0,24,54060.0
56,57,4492.84,11681.39,12,53914.11
57,58,4492.84,11681.39,14,53914.11
58,59,4918.33,12787.67,14,59020.0
59,60,9045.83,23519.17,11,108550.0
60,61,4928.33,12813.67,16,59140.0
61,62,4492.84,11681.39,15,53914.11
62,63,5538.33,14399.67,13,66460.0
63,64,4492.84,11681.39,23,53914.11
64,65,11644.17,30274.83,18,139730.0
65,66,8339.32,21682.23,14,100071.84
66,67,11100.0,28860.0,18,133200.0
67,68,4492.84,11681.39,25,53914.11
68,69,4492.84,11681.39,20,53914.11
69,70,5572.5,14488.5,11,66870.0
70,71,4492.84,11681.39,12,53914.11
71,72,8339.32,21682.23,15,100071.84
72,73,12783.92,33238.2,19,153407.07
73,74,3945.83,10259.17,15,47350.0
74,75,2342.59,6090.75,18,28111.13
75,76,8339.32,21682.23,12,100071.84
76,77,4492.84,11681.39,16,53914.08
77,78,8339.32,21682.23,25,100071.84
78,79,4492.84,11681.39,19,53914.11
79,80,11560.0,30056.0,13,138720.0
80,81,8339.32,21682.23,12,100071.84
81,82,8339.32,21682.23,12,100071.84
82,83,8339.32,21682.23,12,100071.84
83,84,8339.32,21682.23,14,100071.84
84,85,15870.83,41264.17,14,190450.0
85,86,13345.83,34699.17,19,160149.96
86,87,8010.83,20828.17,17,96130.0
87,88,9591.67,24938.33,14,115100.0
88,89,12783.92,33238.2,11,153407.07
89,90,3588.33,9329.67,12,43059.96
90,91,14205.0,36933.0,15,170460.0
91,92,8339.32,21682.23,16,100071.84
92,93,4222.5,10978.5,19,50670.0
93,94,8339.32,21682.23,11,100071.84
94,95,8339.32,21682.23,20,100071.84
95,96,4492.84,11681.39,13,53914.11
96,97,2342.59,6090.75,13,28111.13
97,98,3076.67,7999.33,12,36920.0
98,99,15943.72,41453.67,16,191324.62
99,100,16539.17,43001.83,24,198470.0
100,101,1923.33,5000.67,25,23080.0
101,102,12783.92,33238.2,24,153407.07
102,103,4492.84,11681.39,14,53914.11
103,104,2342.59,6090.75,13,28111.13
104,105,15943.72,41453.67,12,191324.62
105,106,4789.17,12451.83,15,57470.0
106,107,8685.0,22581.0,19,104220.0
107,108,8339.32,21682.23,11,100071.84
108,109,8339.32,21682.23,13,100071.84
109,110,5289.17,13751.83,19,63470.0
110,111,1956.67,5087.33,18,23480.0
111,112,8339.32,21682.23,12,100071.84
112,113,2560.0,6656.0,11,30720.0
113,114,4492.84,11681.39,17,53914.08
114,115,10408.33,27061.67,16,124900.0
115,116,4492.84,11681.39,13,53914.11
116,117,6683.33,17376.67,15,80200.0
117,118,8339.32,21682.23,18,100071.84
118,119,14223.33,36980.67,14,170680.0
119,120,7452.5,19376.5,24,89430.0
120,121,16060.0,41756.0,15,192720.0
121,122,4492.84,11681.39,14,53914.11
122,123,4492.84,11681.39,13,53914.08
123,124,8339.32,21682.23,14,100071.84
124,125,8339.32,21682.23,11,100071.84
125,126,8339.32,21682.23,13,100071.84
126,127,12783.92,33238.2,23,153407.07
127,128,4492.84,11681.39,11,53914.11
128,129,8339.32,21682.23,21,100071.84
129,130,4647.5,12083.5,12,55770.0
130,131,15943.72,41453.67,17,191324.62
131,132,2242.5,5830.5,12,26910.0
132,133,2342.59,6090.75,13,28111.13
133,134,8339.32,21682.23,11,100071.84
134,135,12783.92,33238.2,18,153407.07
135,136,6169.17,16039.83,11,74030.0
136,137,8339.32,21682.23,13,100071.84
137,138,7352.5,19116.5,18,88230.0
138,139,12783.92,33238.2,12,153407.07
139,140,4492.84,11681.39,20,53914.11
140,141,12783.92,33238.2,12,153407.07
141,142,4492.84,11681.39,20,53914.08
142,143,2982.5,7754.5,21,35790.0
143,144,14815.83,38521.17,14,177790.0
144,145,4492.84,11681.39,19,53914.11
145,146,15177.5,39461.5,11,182130.0
146,147,11314.17,29416.83,15,135770.0
147,148,15991.67,41578.33,14,191900.0
148,149,4492.84,11681.39,11,53914.08
149,150,14269.17,37099.83,13,171230.0
150,151,15989.17,41571.83,14,191870.0
151,152,12783.92,33238.2,11,153407.07
152,153,8340.0,21684.0,14,100080.0
153,154,8339.32,21682.23,11,100071.84
154,155,6656.67,17307.33,13,79880.0
155,156,4492.84,11681.39,18,53914.11
156,157,2342.59,6090.75,13,28111.08
157,158,4492.84,11681.39,24,53914.11
158,159,4492.84,11681.39,23,53914.11
159,160,12783.92,33238.2,20,153407.04
160,161,5902.5,15346.5,14,70830.0
161,162,3935.83,10233.17,18,47229.96
162,163,2839.17,7381.83,17,34070.0
163,164,4492.84,11681.39,24,53914.11
164,165,2440.83,6346.17,12,29290.0
165,166,4492.84,11681.39,17,53914.11
166,167,12783.92,33238.2,22,153407.07
167,168,4492.84,11681.39,13,53914.11
168,169,8339.32,21682.23,17,100071.84
169,170,15943.72,41453.67,18,191324.62
170,171,4492.84,11681.39,12,53914.11
171,172,4492.84,11681.39,11,53914.08
172,173,2342.59,6090.75,11,28111.13
173,174,10025.83,26067.17,11,120310.0
174,175,12855.83,33425.17,16,154270.0
175,176,8339.32,21682.23,15,100071.84
176,177,4492.84,11681.39,23,53914.11
177,178,8339.32,21682.23,22,100071.84
178,179,5135.0,13351.0,22,61620.0
179,180,4271.67,11106.33,12,51260.0
180,181,8015.83,20841.17,16,96190.0
181,182,4492.84,11681.39,12,53914.11
182,183,4175.0,10855.0,16,50100.0
183,184,8339.32,21682.23,13,100071.84
184,185,8339.32,21682.23,14,100071.84
185,186,2342.59,6090.75,12,28111.13
186,187,15860.83,41238.17,14,190330.0
187,188,12783.92,33238.2,23,153407.04
188,189,8666.67,22533.33,11,104000.0
189,190,8339.32,21682.23,22,100071.84
190,191,8339.32,21682.23,14,100071.84
191,192,2327.5,6051.5,17,27930.0
192,193,4492.84,11681.39,17,53914.08
193,194,4728.33,12293.67,15,56740.0
194,195,4492.84,11681.39,14,53914.11
195,196,8339.32,21682.23,17,100071.84
196,197,4492.84,11681.39,13,53914.11
197,198,15997.5,41593.5,14,191970.0
198,199,15943.72,41453.67,11,191324.62
199,200,7010.0,18226.0,11,84120.0
200,201,8339.32,21682.23,25,100071.84
201,202,2790.0,7254.0,11,33480.0
202,203,2342.59,6090.75,11,28111.08
203,204,4424.17,11502.83,15,53090.0
204,205,4492.84,11681.39,13,53914.08
205,206,6378.33,16583.67,18,76540.0
206,207,10673.33,27750.67,16,128080.0
207,208,4492.84,11681.39,22,53914.11
208,209,12783.92,33238.2,22,153407.07
209,210,4492.84,11681.39,14,53914.11
210,211,5488.33,14269.67,17,65860.0
211,212,4492.84,11681.39,13,53914.11
212,213,2099.17,5457.83,21,25190.0
213,214,14249.17,37047.83,15,170990.0
214,215,12783.92,33238.2,11,153407.07
215,216,4492.84,11681.39,15,53914.11
216,217,8339.32,21682.23,11,100071.84
217,218,10933.33,28426.67,17,131200.0
218,219,8339.32,21682.23,13,100071.84
219,220,2609.17,6783.83,13,31310.04
220,221,4492.84,11681.39,13,53914.11
221,222,8339.32,21682.23,14,100071.84
222,223,3703.33,9628.67,13,44440.0
223,224,5561.67,14460.33,11,66740.04000000001
224,225,8210.0,21346.0,19,98520.0
225,226,14884.17,38698.83,13,178610.0
226,227,4492.84,11681.39,13,53914.11
227,228,4492.84,11681.39,12,53914.08
228,229,15943.72,41453.67,21,191324.62
229,230,6205.0,16133.0,11,74460.0
230,231,11464.17,29806.83,11,137570.0
231,232,13831.67,35962.33,12,165980.0
232,233,12783.92,33238.2,14,153407.07
233,234,8339.32,21682.23,19,100071.84
234,235,3570.83,9284.17,17,42850.0
235,236,8436.67,21935.33,14,101240.0
236,237,8339.32,21682.23,12,100071.84
237,238,8095.0,21047.0,11,97140.0
238,239,8270.0,21502.0,11,99240.0
239,240,9370.83,24364.17,15,112450.0
240,241,2557.5,6649.5,15,30690.0
241,242,4492.84,11681.39,12,53914.11
242,243,12783.92,33238.2,25,153407.07
243,244,7700.83,20022.17,12,92410.0
244,245,5393.33,14022.67,15,64720.0
245,246,15943.72,41453.67,14,191324.62
246,247,2545.83,6619.17,15,30550.0
247,248,6934.17,18028.83,13,83210.0
248,249,2619.17,6809.83,19,31430.0
249,250,4492.84,11681.39,21,53914.08
250,251,2342.59,6090.75,13,28111.13
251,252,7148.33,18585.67,14,85780.0
252,253,4492.84,11681.39,21,53914.11
253,254,3497.5,9093.5,11,41970.0
254,255,4492.84,11681.39,13,53914.08
255,256,8240.0,21424.0,21,98880.0
256,257,4492.84,11681.39,21,53914.11
257,258,4492.84,11681.39,11,53914.11
258,259,11117.5,28905.5,12,133410.0
259,260,4730.83,12300.17,14,56769.96
260,261,2342.59,6090.75,13,28111.08
261,262,8339.32,21682.23,18,100071.84
262,263,2342.59,6090.75,15,28111.13
263,264,4492.84,11681.39,23,53914.11
264,265,2424.17,6302.83,11,29090.0
265,266,2342.59,6090.75,13,28111.13
266,267,7938.33,20639.67,21,95260.0
267,268,4492.84,11681.39,13,53914.11
268,269,5687.5,14787.5,11,68250.0
269,270,4492.84,11681.39,22,53914.11
270,271,3686.67,9585.33,23,44240.0
271,272,4534.17,11788.83,22,54410.04
272,273,5061.67,13160.33,24,60740.0
273,274,8339.32,21682.23,14,100071.84
274,275,2342.59,6090.75,25,28111.13
275,276,5121.67,13316.33,13,61460.0
276,277,5143.33,13372.67,18,61720.0
277,278,8339.32,21682.23,13,100071.84
278,279,2342.59,6090.75,23,28111.08
279,280,3890.0,10114.0,17,46680.0
280,281,4670.83,12144.17,11,56050.0
281,282,4492.84,11681.39,20,53914.11
282,283,3599.17,9357.83,13,43190.0
283,284,2342.59,6090.75,12,28111.13
284,285,2342.59,6090.75,13,28111.13
285,286,12783.92,33238.2,18,153407.07
286,287,2342.59,6090.75,16,28111.13
287,288,2970.0,7722.0,12,35640.0
288,289,5217.5,13565.5,18,62610.0
289,290,5670.0,14742.0,15,68040.0
290,291,4492.84,11681.39,14,53914.11
291,292,8339.32,21682.23,12,100071.84
292,293,8339.32,21682.23,14,100071.84
293,294,2342.59,6090.75,20,28111.13
294,295,15943.72,41453.67,18,191324.62
295,296,16196.67,42111.33,19,194360.0
296,297,4492.84,11681.39,18,53914.11
297,298,12783.92,33238.2,12,153407.07
298,299,12783.92,33238.2,14,153407.07
299,300,8339.32,21682.23,12,100071.84
300,301,8339.32,21682.23,18,100071.84
301,302,4492.84,11681.39,18,53914.11
302,303,4492.84,11681.39,19,53914.11
303,304,4856.67,12627.33,12,58280.04
304,305,4492.84,11681.39,11,53914.11
305,306,2045.83,5319.17,19,24550.0
306,307,4492.84,11681.39,12,53914.11
307,308,4212.5,10952.5,16,50550.0
308,309,3901.67,10144.33,14,46820.04
309,310,4380.83,11390.17,11,52570.0
310,311,1765.83,4591.17,11,21189.96
311,312,4492.84,11681.39,18,53914.11
312,313,4492.84,11681.39,14,53914.11
313,314,4978.33,12943.67,13,59740.0
314,315,4492.84,11681.39,17,53914.11
315,316,2342.59,6090.75,13,28111.08
316,317,4492.84,11681.39,18,53914.11
317,318,4492.84,11681.39,11,53914.08
318,319,2528.33,6573.67,12,30340.0
319,320,11010.0,28626.0,11,132120.0
320,321,6993.33,18182.67,16,83920.0
321,322,4492.84,11681.39,14,53914.11
322,323,2342.59,6090.75,14,28111.13
323,324,8339.32,21682.23,12,100071.84
324,325,3375.83,8777.17,14,40510.0
325,326,4004.17,10410.83,19,48050.0
326,327,2284.17,5938.83,11,27410.04
327,328,4492.84,11681.39,17,53914.11
328,329,4447.5,11563.5,12,53370.0
329,330,4492.84,11681.39,22,53914.11
330,331,4492.84,11681.39,13,53914.11
331,332,4492.84,11681.39,20,53914.11
332,333,7861.67,20440.33,15,94340.0
333,334,8339.32,21682.23,15,100071.84
334,335,4492.84,11681.39,20,53914.11
335,336,2342.59,6090.75,18,28111.13
336,337,8339.32,21682.23,14,100071.84
337,338,4492.84,11681.39,11,53914.11
338,339,4496.67,11691.33,12,53960.0
339,340,4492.84,11681.39,13,53914.11
340,341,8339.32,21682.23,11,100071.84
341,342,9299.17,24177.83,15,111590.0
342,343,4133.33,10746.67,12,49599.96
343,344,7327.5,19051.5,21,87930.0
344,345,15990.83,41576.17,12,191890.0
345,346,1846.67,4801.33,13,22160.0
346,347,9760.83,25378.17,14,117130.0
347,348,4420.0,11492.0,23,53040.0
348,349,9252.5,24056.5,11,111030.0
349,350,5526.67,14369.33,13,66320.0
350,351,6322.5,16438.5,15,75870.0
351,352,3612.5,9392.5,12,43350.0
352,353,4983.33,12956.67,12,59800.0
353,354,3536.67,9195.33,24,42440.04
354,355,15943.72,41453.67,13,191324.64
355,356,4356.67,11327.33,15,52280.0
356,357,2250.0,5850.0,24,27000.0
357,358,4492.84,11681.39,16,53914.11
358,359,4492.84,11681.39,20,53914.11
359,360,1971.67,5126.33,14,23660.0
360,361,2342.59,6090.75,13,28111.08
361,362,2342.59,6090.75,13,28111.08
362,363,1940.83,5046.17,15,23290.0
363,364,3578.33,9303.67,12,42940.0
364,365,4492.84,11681.39,11,53914.11
365,366,5604.17,14570.83,12,67250.0
366,367,8604.17,22370.83,11,103250.0
367,368,3705.83,9635.17,12,44470.0
368,369,8339.32,21682.23,18,100071.84
369,370,4492.84,11681.39,13,53914.11
370,371,9037.5,23497.5,13,108450.0
371,372,8339.32,21682.23,11,100071.84
372,373,8339.32,21682.23,12,100071.84
373,374,4560.0,11856.0,12,54720.0
374,375,5320.83,13834.17,14,63850.0
375,376,5289.17,13751.83,12,63470.0
376,377,2342.59,6090.75,12,28111.13
377,378,6270.83,16304.17,12,75250.0
378,379,4492.84,11681.39,14,53914.11
379,380,12783.92,33238.2,15,153407.04
380,381,8339.32,21682.23,12,100071.84
381,382,3050.0,7930.0,13,36600.0
382,383,8339.32,21682.23,22,100071.84
383,384,4492.84,11681.39,22,53914.11
384,385,2342.59,6090.75,15,28111.13
385,386,7283.33,18936.67,14,87400.0
386,387,8339.32,21682.23,17,100071.84
387,388,8339.32,21682.23,11,100071.84
388,389,12783.92,33238.2,11,153407.07
389,390,15943.72,41453.67,14,191324.62
390,391,4492.84,11681.39,15,53914.08
391,392,11249.17,29247.83,17,134990.0
392,393,2342.59,6090.75,22,28111.13
393,394,8339.32,21682.23,18,100071.84
394,395,15943.72,41453.67,18,191324.62
395,396,4492.84,11681.39,15,53914.11
396,397,4492.84,11681.39,12,53914.11
397,398,2342.59,6090.75,14,28111.13
398,399,2909.17,7563.83,13,34910.0
399,400,4350.0,11310.0,18,52200.0
400,401,4492.84,11681.39,14,53914.11
401,402,8543.33,22212.67,21,102520.0
402,403,2342.59,6090.75,14,28111.08
403,404,16450.0,42770.0,14,197400.0
404,405,12783.92,33238.2,14,153407.07
405,406,8339.32,21682.23,12,100071.84
406,407,8339.32,21682.23,14,100071.84
407,408,8339.32,21682.23,11,100071.84
408,409,2342.59,6090.75,13,28111.08
409,410,5174.17,13452.83,15,62090.0
410,411,5911.67,15370.33,12,70940.0
411,412,8339.32,21682.23,19,100071.84
412,413,3778.33,9823.67,11,45340.0
413,414,7083.33,18416.67,11,85000.0
414,415,4492.84,11681.39,15,53914.11
415,416,3865.83,10051.17,16,46390.0
416,417,4469.17,11619.83,12,53630.0
417,418,12783.92,33238.2,17,153407.07
418,419,4492.84,11681.39,13,53914.11
419,420,3400.83,8842.17,14,40810.0
420,421,12783.92,33238.2,14,153407.07
421,422,2981.67,7752.33,12,35780.0
422,423,8339.32,21682.23,12,100071.84
423,424,14440.0,37544.0,19,173280.0
424,425,12783.92,33238.2,13,153407.07
425,426,4492.84,11681.39,11,53914.11
426,427,8994.17,23384.83,18,107930.0
427,428,8339.32,21682.23,11,100071.84
428,429,9042.5,23510.5,18,108510.0
429,430,8721.67,22676.33,14,104660.0
430,431,4492.84,11681.39,14,53914.11
431,432,1968.33,5117.67,13,23620.0
432,433,4492.84,11681.39,13,53914.11
433,434,12783.92,33238.2,21,153407.07
434,435,5365.83,13951.17,14,64390.0
435,436,8339.32,21682.23,16,100071.84
436,437,15943.72,41453.67,14,191324.62
437,438,4807.5,12499.5,14,57690.0
438,439,3654.17,9500.83,15,43850.04
439,440,4492.84,11681.39,13,53914.11
440,441,4492.84,11681.39,13,53914.08
441,442,3388.33,8809.67,11,40660.0
442,443,4492.84,11681.39,19,53914.08
443,444,4492.84,11681.39,11,53914.08
444,445,4338.33,11279.67,17,52060.0
445,446,12783.92,33238.2,14,153407.07
446,447,2212.5,5752.5,11,26550.0
447,448,2141.67,5568.33,20,25700.0
448,449,8339.32,21682.23,19,100071.84
449,450,3751.67,9754.33,15,45020.0
450,451,4492.84,11681.39,14,53914.11
451,452,4492.84,11681.39,16,53914.11
452,453,4140.0,10764.0,16,49680.0
453,454,8339.32,21682.23,11,100071.84
454,455,4289.17,11151.83,15,51470.0
455,456,2265.0,5889.0,14,27180.0
456,457,2949.17,7667.83,13,35390.04
457,458,4556.67,11847.33,14,54680.0
458,459,4844.17,12594.83,18,58130.04
459,460,4492.84,11681.39,14,53914.11
460,461,8055.83,20945.17,14,96670.0
461,462,4492.84,11681.39,22,53914.08
462,463,4295.0,11167.0,22,51540.0
463,464,4729.17,12295.83,20,56750.0
464,465,6095.0,15847.0,21,73140.0
465,466,12783.92,33238.2,11,153407.04
466,467,4492.84,11681.39,14,53914.11
467,468,8339.32,21682.23,13,100071.84
468,469,2342.59,6090.75,18,28111.13
469,470,4492.84,11681.39,12,53914.11
470,471,4492.84,11681.39,18,53914.11
471,472,8339.32,21682.23,18,100071.84
472,473,2342.59,6090.75,13,28111.13
473,474,4492.84,11681.39,14,53914.11
474,475,4492.84,11681.39,11,53914.11
475,476,4492.84,11681.39,20,53914.08
476,477,8339.32,21682.23,20,100071.84
477,478,4248.33,11045.67,19,50980.0
478,479,4492.84,11681.39,13,53914.11
479,480,4492.84,11681.39,13,53914.08
480,481,8339.32,21682.23,19,100071.84
481,482,11308.33,29401.67,23,135700.0
482,483,5593.33,14542.67,21,67120.0
483,484,4492.84,11681.39,11,53914.08
484,485,8325.83,21647.17,15,99910.0
485,486,8339.32,21682.23,11,100071.84
486,487,8540.0,22204.0,14,102480.0
487,488,4492.84,11681.39,21,53914.11
488,489,12783.92,33238.2,13,153407.07
489,490,9115.0,23699.0,25,109380.0
490,491,2160.83,5618.17,11,25930.0
491,492,9898.33,25735.67,11,118779.96
492,493,6745.83,17539.17,13,80950.0
493,494,8339.32,21682.23,12,100071.84
494,495,12783.92,33238.2,15,153407.07
495,496,15943.72,41453.67,15,191324.62
496,497,4492.84,11681.39,19,53914.11
497,498,14046.67,36521.33,11,168560.0
498,499,12783.92,33238.2,14,153407.07
499,500,3780.83,9830.17,22,45370.0
500,501,14936.67,38835.33,11,179240.0
501,502,3345.0,8697.0,25,40140.0
502,503,10618.33,27607.67,16,127420.0
503,504,8339.32,21682.23,13,100071.84
504,505,2813.33,7314.67,13,33760.0
505,506,8735.0,22711.0,14,104820.0
506,507,12783.92,33238.2,17,153407.04
507,508,8339.32,21682.23,19,100071.84
508,509,2342.59,6090.75,13,28111.13
509,510,2342.59,6090.75,12,28111.13
510,511,3540.83,9206.17,11,42490.0
511,512,5457.5,14189.5,14,65490.0
512,513,12783.92,33238.2,13,153407.04
513,514,12009.17,31223.83,13,144110.04
514,515,16321.67,42436.33,21,195860.0
515,516,6864.17,17846.83,11,82370.0
516,517,2675.83,6957.17,14,32109.96
517,518,13920.0,36192.0,11,167040.0
518,519,8339.32,21682.23,12,100071.84
519,520,3978.33,10343.67,19,47740.0
520,521,15943.72,41453.67,11,191324.64
521,522,4492.84,11681.39,14,53914.11
522,523,4492.84,11681.39,12,53914.11
523,524,3806.67,9897.33,20,45680.0
524,525,4994.17,12984.83,18,59930.0
525,526,5415.83,14081.17,13,64990.0
526,527,2876.67,7479.33,13,34520.0
527,528,2342.59,6090.75,19,28111.13
528,529,5330.83,13860.17,20,63970.0
529,530,4492.84,11681.39,16,53914.11
530,531,4492.84,11681.39,11,53914.11
531,532,4492.84,11681.39,13,53914.11
532,533,8339.32,21682.23,17,100071.84
533,534,8339.32,21682.23,13,100071.84
534,535,4492.84,11681.39,12,53914.11
535,536,2270.83,5904.17,11,27250.0
536,537,15943.72,41453.67,11,191324.64
537,538,3018.33,7847.67,13,36220.0
538,539,4492.84,11681.39,20,53914.11
539,540,5150.0,13390.0,23,61800.0
540,541,5228.33,13593.67,22,62740.0
541,542,3650.83,9492.17,11,43810.0
542,543,8339.32,21682.23,21,100071.84
543,544,2132.5,5544.5,11,25590.0
544,545,4573.33,11890.67,13,54880.0
545,546,2095.0,5447.0,22,25140.0
546,547,2342.59,6090.75,14,28111.13
547,548,4492.84,11681.39,20,53914.11
548,549,2663.33,6924.67,12,31960.0
549,550,2342.59,6090.75,13,28111.13
550,551,4492.84,11681.39,12,53914.11
551,552,2342.59,6090.75,20,28111.13
552,553,2850.0,7410.0,12,34200.0
553,554,2342.59,6090.75,14,28111.13
554,555,3405.83,8855.17,14,40869.96
555,556,4492.84,11681.39,13,53914.11
556,557,4473.33,11630.67,25,53680.0
557,558,10780.0,28028.0,11,129360.0
558,559,4492.84,11681.39,11,53914.11
559,560,2342.59,6090.75,13,28111.13
560,561,2342.59,6090.75,23,28111.13
561,562,4492.84,11681.39,17,53914.11
562,563,2342.59,6090.75,18,28111.13
563,564,8339.32,21682.23,11,100071.84
564,565,3517.5,9145.5,15,42210.0
565,566,4492.84,11681.39,11,53914.08
566,567,4135.83,10753.17,18,49630.0
567,568,2342.59,6090.75,19,28111.13
568,569,3500.0,9100.0,22,42000.0
569,570,2342.59,6090.75,14,28111.13
570,571,15943.72,41453.67,15,191324.64
571,572,2342.59,6090.75,20,28111.13
572,573,4171.67,10846.33,11,50060.04
573,574,2342.59,6090.75,14,28111.13
574,575,6365.83,16551.17,22,76390.0
575,576,4492.84,11681.39,12,53914.11
576,577,2342.59,6090.75,13,28111.08
577,578,2342.59,6090.75,11,28111.13
578,579,5418.33,14087.67,14,65019.96
579,580,15943.72,41453.67,14,191324.64
580,581,11270.83,29304.17,14,135250.0
581,582,4492.84,11681.39,11,53914.08
582,583,5290.83,13756.17,13,63489.96
583,584,4492.84,11681.39,15,53914.11
584,585,2342.59,6090.75,20,28111.13
585,586,5316.67,13823.33,12,63800.0
586,587,12783.92,33238.2,13,153407.07
587,588,2585.0,6721.0,22,31020.0
588,589,4492.84,11681.39,12,53914.11
589,590,4492.84,11681.39,11,53914.11
590,591,4492.84,11681.39,11,53914.11
591,592,8339.32,21682.23,14,100071.84
592,593,3796.67,9871.33,11,45560.0
593,594,4492.84,11681.39,20,53914.08
594,595,3525.0,9165.0,15,42300.0
595,596,8339.32,21682.23,21,100071.84
596,597,4049.17,10527.83,16,48590.0
597,598,2342.59,6090.75,11,28111.13
598,599,5268.33,13697.67,12,63220.0
599,600,4492.84,11681.39,12,53914.11
600,601,2342.59,6090.75,12,28111.13
601,602,8967.5,23315.5,12,107610.0
602,603,2342.59,6090.75,21,28111.08
603,604,2342.59,6090.75,19,28111.13
604,605,2477.5,6441.5,15,29730.0
605,606,4336.67,11275.33,11,52040.0
606,607,4492.84,11681.39,17,53914.11
607,608,8339.32,21682.23,11,100071.84
608,609,14499.17,37697.83,22,173990.0
609,610,8339.32,21682.23,14,100071.84
610,611,8339.32,21682.23,11,100071.84
611,612,2342.59,6090.75,19,28111.13
612,613,14070.83,36584.17,22,168850.0
613,614,4492.84,11681.39,15,53914.11
614,615,3602.5,9366.5,17,43230.0
615,616,4295.83,11169.17,13,51550.0
616,617,2446.67,6361.33,11,29360.0
617,618,2342.59,6090.75,18,28111.13
618,619,2342.59,6090.75,13,28111.08
619,620,8339.32,21682.23,17,100071.84
620,621,15657.5,40709.5,14,187890.0
621,622,4492.84,11681.39,18,53914.11
622,623,4069.17,10579.83,18,48830.0
623,624,8339.32,21682.23,12,100071.84
624,625,1690.83,4396.17,20,20290.0
625,626,4492.84,11681.39,12,53914.11
626,627,2496.67,6491.33,15,29960.0
627,628,4492.84,11681.39,13,53914.11
628,629,8339.32,21682.23,21,100071.84
629,630,2342.59,6090.75,13,28111.13
630,631,7731.67,20102.33,16,92780.0
631,632,4492.84,11681.39,16,53914.11
632,633,3468.33,9017.67,12,41619.96
633,634,2342.59,6090.75,17,28111.13
634,635,4492.84,11681.39,18,53914.11
635,636,2342.59,6090.75,11,28111.13
636,637,4492.84,11681.39,17,53914.11
637,638,2342.59,6090.75,14,28111.13
638,639,2342.59,6090.75,20,28111.13
639,640,4492.84,11681.39,12,53914.11
640,641,7377.5,19181.5,19,88530.0
641,642,4492.84,11681.39,15,53914.11
642,643,4063.33,10564.67,12,48760.0
643,644,1784.17,4638.83,12,21410.0
644,645,6463.33,16804.67,19,77559.95999999999
645,646,3280.0,8528.0,11,39360.0
646,647,4492.84,11681.39,21,53914.11
647,648,5701.67,14824.33,20,68420.0
648,649,3324.17,8642.83,11,39890.0
649,650,4108.33,10681.67,14,49300.0
650,651,4492.84,11681.39,20,53914.11
651,652,3085.0,8021.0,11,37020.0
652,653,2254.17,5860.83,16,27050.0
653,654,3706.67,9637.33,12,44480.0
654,655,1982.5,5154.5,14,23790.0
655,656,4492.84,11681.39,21,53914.08
656,657,4572.5,11888.5,14,54870.0
657,658,15943.72,41453.67,15,191324.64
658,659,2341.67,6088.33,22,28100.0
659,660,7448.33,19365.67,11,89380.0
660,661,2342.59,6090.75,14,28111.13
661,662,8280.0,21528.0,19,99360.0
662,663,2342.59,6090.75,23,28111.13
663,664,2342.59,6090.75,12,28111.13
664,665,4492.84,11681.39,19,53914.11
665,666,4545.0,11817.0,21,54540.0
666,667,4492.84,11681.39,11,53914.11
667,668,15616.67,40603.33,12,187400.04
668,669,4560.83,11858.17,11,54730.0
669,670,11252.5,29256.5,22,135030.0
670,671,11290.83,29356.17,12,135490.0
671,672,15143.33,39372.67,19,181720.0
672,673,12783.92,33238.2,12,153407.07
673,674,2311.67,6010.33,12,27740.0
674,675,8339.32,21682.23,12,100071.84
675,676,2342.59,6090.75,13,28111.13
676,677,2342.59,6090.75,18,28111.13
677,678,7865.83,20451.17,16,94390.0
678,679,4492.84,11681.39,22,53914.08
679,680,2342.59,6090.75,22,28111.13
680,681,4387.5,11407.5,16,52650.0
681,682,3179.17,8265.83,17,38150.0
682,683,4492.84,11681.39,15,53914.11
683,684,1990.83,5176.17,13,23890.0
684,685,2342.59,6090.75,11,28111.13
685,686,3333.33,8666.67,12,39999.96
686,687,14653.33,38098.67,16,175840.0
687,688,4492.84,11681.39,13,53914.11
688,689,2342.59,6090.75,21,28111.08
689,690,4717.5,12265.5,19,56610.0
690,691,4492.84,11681.39,13,53914.11
691,692,2342.59,6090.75,12,28111.13
692,693,4057.5,10549.5,12,48690.0
693,694,4492.84,11681.39,22,53914.08
694,695,3874.17,10072.83,14,46490.0
695,696,8746.67,22741.33,15,104960.0
696,697,2342.59,6090.75,16,28111.13
697,698,2342.59,6090.75,15,28111.13
698,699,2306.67,5997.33,12,27680.0
699,700,2840.0,7384.0,13,34080.0
700,701,8339.32,21682.23,14,100071.84
701,702,4492.84,11681.39,14,53914.11
702,703,3129.17,8135.83,11,37550.0
703,704,4492.84,11681.39,20,53914.08
704,705,2342.59,6090.75,16,28111.13
705,706,1822.5,4738.5,12,21870.0
706,707,2342.59,6090.75,11,28111.13
707,708,4492.84,11681.39,14,53914.11
708,709,2342.59,6090.75,14,28111.13
709,710,4492.84,11681.39,15,53914.11
710,711,3548.33,9225.67,18,42580.0
711,712,4438.33,11539.67,17,53260.0
712,713,4570.83,11884.17,11,54849.96
713,714,2318.33,6027.67,13,27820.0
714,715,14699.17,38217.83,16,176390.0
715,716,5051.67,13134.33,13,60620.0
716,717,5240.0,13624.0,15,62880.0
717,718,2853.33,7418.67,13,34240.0
718,719,4492.84,11681.39,12,53914.11
719,720,3495.0,9087.0,18,41940.0
720,721,4492.84,11681.39,13,53914.08
721,722,2342.59,6090.75,11,28111.13
722,723,2110.0,5486.0,14,25320.0
723,724,4721.67,12276.33,13,56660.0
724,725,2342.59,6090.75,14,28111.08
725,726,4492.84,11681.39,12,53914.11
726,727,2342.59,6090.75,15,28111.13
727,728,11438.33,29739.67,13,137260.0
728,729,12783.92,33238.2,13,153407.04
729,730,2342.59,6090.75,16,28111.13
730,731,3422.5,8898.5,15,41070.0
731,732,2342.59,6090.75,13,28111.13
732,733,2342.59,6090.75,16,28111.13
733,734,2342.59,6090.75,17,28111.13
734,735,2997.5,7793.5,22,35970.0
735,736,4492.84,11681.39,18,53914.11
736,737,4492.84,11681.39,13,53914.11
737,738,3429.17,8915.83,19,41150.0
738,739,4492.84,11681.39,11,53914.11
739,740,5226.67,13589.33,16,62720.0
740,741,4492.84,11681.39,14,53914.11
741,742,2097.5,5453.5,11,25170.0
742,743,15943.72,41453.67,14,191324.62
743,744,4492.84,11681.39,17,53914.11
744,745,4492.84,11681.39,11,53914.11
745,746,12783.92,33238.2,11,153407.07
746,747,3253.33,8458.67,12,39040.0
747,748,4492.84,11681.39,20,53914.11
748,749,2342.59,6090.75,14,28111.13
749,750,7670.0,19942.0,12,92040.0
750,751,3644.17,9474.83,14,43730.0
751,752,4492.84,11681.39,11,53914.08
752,753,1720.0,4472.0,21,20640.0
753,754,4492.84,11681.39,14,53914.11
754,755,4492.84,11681.39,13,53914.11
755,756,2025.0,5265.0,23,24300.0
756,757,4492.84,11681.39,11,53914.11
757,758,4064.17,10566.83,21,48770.0
758,759,4492.84,11681.39,17,53914.11
759,760,3133.33,8146.67,13,37600.0
760,761,1677.5,4361.5,11,20130.0
761,762,2342.59,6090.75,22,28111.13
762,763,8339.32,21682.23,15,100071.84
763,764,4492.84,11681.39,14,53914.11
764,765,2342.59,6090.75,16,28111.13
765,766,2478.33,6443.67,17,29740.0
766,767,8339.32,21682.23,13,100071.84
767,768,2305.0,5993.0,22,27660.0
768,769,2342.59,6090.75,20,28111.13
769,770,2342.59,6090.75,12,28111.13
770,771,2342.59,6090.75,11,28111.13
771,772,8339.32,21682.23,21,100071.84
772,773,2814.17,7316.83,17,33770.0
773,774,3510.83,9128.17,15,42130.0
774,775,5427.5,14111.5,17,65130.0
775,776,4492.84,11681.39,13,53914.08
776,777,2342.59,6090.75,22,28111.13
777,778,8339.32,21682.23,13,100071.84
778,779,3570.0,9282.0,22,42840.0
779,780,1855.0,4823.0,11,22260.0
780,781,4634.17,12048.83,16,55610.0
781,782,1786.67,4645.33,14,21440.04
782,783,4477.5,11641.5,12,53730.0
783,784,2414.17,6276.83,11,28970.0
784,785,4492.84,11681.39,12,53914.08
785,786,4434.17,11528.83,11,53210.04
786,787,4508.33,11721.67,17,54100.0
787,788,2318.33,6027.67,22,27820.0
788,789,4492.84,11681.39,22,53914.11
789,790,2342.59,6090.75,12,28111.13
790,791,4492.84,11681.39,12,53914.11
791,792,4492.84,11681.39,13,53914.11
792,793,4041.67,10508.33,15,48500.0
793,794,1667.5,4335.5,14,20010.0
794,795,2342.59,6090.75,12,28111.13
795,796,4492.84,11681.39,13,53914.11
796,797,3670.0,9542.0,12,44040.0
797,798,2342.59,6090.75,12,28111.13
798,799,2342.59,6090.75,17,28111.13
799,800,2342.59,6090.75,11,28111.08
800,801,2342.59,6090.75,14,28111.13
801,802,2342.59,6090.75,12,28111.13
802,803,3286.67,8545.33,11,39440.0
803,804,4492.84,11681.39,18,53914.11
804,805,2466.67,6413.33,11,29600.0
805,806,2342.59,6090.75,22,28111.13
806,807,15789.17,41051.83,12,189470.0
807,808,5387.5,14007.5,13,64650.0
808,809,2235.83,5813.17,14,26830.0
809,810,1678.33,4363.67,13,20140.0
810,811,2867.5,7455.5,13,34410.0
811,812,4492.84,11681.39,19,53914.11
812,813,2342.59,6090.75,15,28111.13
813,814,2342.59,6090.75,13,28111.08
814,815,11386.67,29605.33,13,136640.0
815,816,4184.17,10878.83,22,50210.0
816,817,4492.84,11681.39,15,53914.11
817,818,2342.59,6090.75,23,28111.13
818,819,4492.84,11681.39,21,53914.11
819,820,4492.84,11681.39,12,53914.11
820,821,2342.59,6090.75,22,28111.13
821,822,15703.33,40828.67,21,188440.0
822,823,2342.59,6090.75,11,28111.13
823,824,3949.17,10267.83,12,47390.04
824,825,8339.32,21682.23,11,100071.84
825,826,4492.84,11681.39,11,53914.11
826,827,4492.84,11681.39,20,53914.11
827,828,8875.0,23075.0,15,106500.0
828,829,4492.84,11681.39,18,53914.11
829,830,3597.5,9353.5,20,43170.0
830,831,2342.59,6090.75,14,28111.13
831,832,2342.59,6090.75,24,28111.08
832,833,1686.67,4385.33,18,20240.0
833,834,2342.59,6090.75,11,28111.13
834,835,2548.33,6625.67,16,30580.0
835,836,2342.59,6090.75,18,28111.13
836,837,2342.59,6090.75,12,28111.13
837,838,3274.17,8512.83,23,39290.0
838,839,2342.59,6090.75,15,28111.08
839,840,2342.59,6090.75,15,28111.13
840,841,4492.84,11681.39,11,53914.08
841,842,3687.5,9587.5,11,44250.0
842,843,4492.84,11681.39,19,53914.11
843,844,4492.84,11681.39,15,53914.11
844,845,1940.0,5044.0,16,23280.0
845,846,4492.84,11681.39,14,53914.11
846,847,8339.32,21682.23,16,100071.84
847,848,2214.17,5756.83,11,26570.04
848,849,2342.59,6090.75,14,28111.13
849,850,4950.0,12870.0,14,59400.0
850,851,2185.0,5681.0,21,26220.0
851,852,2676.67,6959.33,15,32120.0
852,853,2342.59,6090.75,17,28111.13
853,854,2342.59,6090.75,14,28111.08
854,855,2342.59,6090.75,14,28111.13
855,856,4492.84,11681.39,18,53914.11
856,857,8339.32,21682.23,12,100071.84
857,858,2425.83,6307.17,13,29110.0
858,859,4492.84,11681.39,17,53914.08
859,860,4492.84,11681.39,13,53914.11
860,861,5775.83,15017.17,14,69310.0
861,862,4492.84,11681.39,12,53914.11
862,863,1813.33,4714.67,13,21760.0
863,864,2342.59,6090.75,23,28111.13
864,865,2691.67,6998.33,17,32300.0
865,866,8339.32,21682.23,18,100071.84
866,867,4492.84,11681.39,14,53914.11
867,868,2342.59,6090.75,13,28111.13
868,869,15554.17,40440.83,11,186650.0
869,870,2324.17,6042.83,11,27890.0
870,871,2342.59,6090.75,12,28111.13
871,872,2342.59,6090.75,12,28111.13
872,873,5341.67,13888.33,12,64100.0
873,874,2342.59,6090.75,18,28111.13
874,875,4117.5,10705.5,15,49410.0
875,876,2342.59,6090.75,13,28111.08
876,877,15943.72,41453.67,11,191324.62
877,878,3319.17,8629.83,17,39830.0
878,879,5289.17,13751.83,16,63470.04
879,880,2420.0,6292.0,12,29040.0
880,881,2246.67,5841.33,11,26960.04
881,882,4492.84,11681.39,12,53914.08
882,883,1811.67,4710.33,11,21740.0
883,884,5629.17,14635.83,11,67550.04000000001
884,885,2342.59,6090.75,24,28111.13
885,886,2214.17,5756.83,16,26570.0
886,887,2342.59,6090.75,16,28111.13
887,888,2342.59,6090.75,11,28111.13
888,889,9137.5,23757.5,24,109650.0
889,890,2119.17,5509.83,13,25430.0
890,891,4420.0,11492.0,13,53040.0
891,892,4492.84,11681.39,12,53914.11
892,893,2342.59,6090.75,16,28111.13
893,894,16171.67,42046.33,11,194060.0
894,895,5448.33,14165.67,15,65380.0
895,896,1881.67,4892.33,20,22580.04
896,897,4492.84,11681.39,14,53914.11
897,898,1848.33,4805.67,12,22180.0
898,899,2342.59,6090.75,13,28111.13
899,900,2211.67,5750.33,21,26540.0
900,901,12783.92,33238.2,13,153407.07
901,902,2342.59,6090.75,16,28111.13
902,903,2342.59,6090.75,22,28111.13
903,904,9945.83,25859.17,18,119350.0
904,905,2121.67,5516.33,16,25460.0
905,906,14884.17,38698.83,13,178610.0
906,907,8339.32,21682.23,19,100071.84
907,908,2342.59,6090.75,14,28111.13
908,909,8339.32,21682.23,15,100071.84
909,910,2342.59,6090.75,17,28111.13
910,911,3245.0,8437.0,16,38940.0
911,912,3551.67,9234.33,12,42620.0
912,913,8772.5,22808.5,11,105270.0
913,914,4492.84,11681.39,12,53914.11
914,915,2000.0,5200.0,13,24000.0
915,916,3067.5,7975.5,14,36810.0
916,917,4492.84,11681.39,13,53914.11
917,918,12783.92,33238.2,11,153407.07
918,919,4492.84,11681.39,11,53914.11
919,920,2342.59,6090.75,18,28111.13
920,921,2872.5,7468.5,11,34470.0
921,922,16260.83,42278.17,12,195129.96
922,923,2342.59,6090.75,20,28111.13
923,924,2215.83,5761.17,13,26589.96
924,925,7372.5,19168.5,11,88470.0
925,926,1704.17,4430.83,13,20450.0
926,927,2342.59,6090.75,16,28111.13
927,928,4042.5,10510.5,22,48510.0
928,929,6766.67,17593.33,12,81200.0
929,930,3814.17,9916.83,14,45770.0
930,931,4504.17,11710.83,14,54050.0
931,932,2342.59,6090.75,15,28111.13
932,933,3090.0,8034.0,14,37080.0
933,934,11475.0,29835.0,12,137700.0
934,935,2342.59,6090.75,12,28111.13
935,936,4492.84,11681.39,18,53914.11
936,937,2342.59,6090.75,20,28111.13
937,938,1914.17,4976.83,14,22970.04
938,939,2041.67,5308.33,17,24500.0
939,940,2342.59,6090.75,18,28111.13
940,941,15943.72,41453.67,13,191324.64
941,942,2342.59,6090.75,14,28111.13
942,943,2342.59,6090.75,16,28111.08
943,944,3618.33,9407.67,19,43420.0
944,945,2143.33,5572.67,16,25719.96
945,946,2342.59,6090.75,21,28111.13
946,947,5416.67,14083.33,17,65000.04
947,948,2624.17,6822.83,20,31490.0
948,949,4436.67,11535.33,15,53240.0
949,950,2342.59,6090.75,13,28111.13
950,951,3651.67,9494.33,17,43820.0
951,952,2342.59,6090.75,13,28111.13
952,953,2127.5,5531.5,16,25530.0
953,954,2342.59,6090.75,19,28111.08
954,955,4944.17,12854.83,12,59330.0
955,956,3669.17,9539.83,11,44030.0
956,957,9111.67,23690.33,18,109340.0
957,958,4492.84,11681.39,22,53914.11
958,959,2342.59,6090.75,24,28111.13
959,960,1685.0,4381.0,19,20220.0
960,961,3546.67,9221.33,12,42560.0
961,962,2983.33,7756.67,16,35799.96
962,963,2342.59,6090.75,17,28111.13
963,964,2415.83,6281.17,19,28990.0
964,965,2342.59,6090.75,19,28111.13
965,966,4635.0,12051.0,13,55620.0
966,967,4492.84,11681.39,14,53914.11
967,968,2342.59,6090.75,13,28111.13
968,969,2342.59,6090.75,18,28111.08
969,970,4492.84,11681.39,19,53914.11
970,971,1980.83,5150.17,18,23770.0
971,972,2003.33,5208.67,21,24040.0
972,973,2332.5,6064.5,11,27990.0
973,974,2342.59,6090.75,18,28111.13
974,975,4492.84,11681.39,16,53914.08
975,976,2342.59,6090.75,22,28111.13
976,977,2876.67,7479.33,18,34520.0
977,978,2342.5,6090.5,14,28110.0
978,979,2342.59,6090.75,11,28111.13
979,980,3647.5,9483.5,15,43770.0
980,981,2342.59,6090.75,24,28111.13
981,982,2342.59,6090.75,17,28111.13
982,983,3533.33,9186.67,13,42399.96
983,984,4492.84,11681.39,14,53914.08
984,985,3522.5,9158.5,18,42270.0
985,986,3264.17,8486.83,20,39170.0
986,987,4140.83,10766.17,18,49690.0
987,988,2342.59,6090.75,19,28111.13
988,989,1701.67,4424.33,14,20420.0
989,990,2350.83,6112.17,16,28209.96
990,991,15943.72,41453.67,17,191324.62
991,992,2342.59,6090.75,14,28111.13
992,993,8297.5,21573.5,15,99570.0
993,994,2342.59,6090.75,19,28111.13
994,995,8339.32,21682.23,18,100071.84
995,996,8339.32,21682.23,15,100071.84
996,997,1839.17,4781.83,16,22070.0
997,998,6463.33,16804.67,17,77559.95999999999
998,999,2342.59,6090.75,20,28111.13
999,1000,4492.84,11681.39,17,53914.11
1000,1001,1725.0,4485.0,11,20700.0
1001,1002,2325.83,6047.17,12,27910.0
1002,1003,4492.84,11681.39,11,53914.08
1003,1004,4492.84,11681.39,11,53914.08
1004,1005,6853.33,17818.67,17,82240.0
1005,1006,2175.0,5655.0,12,26100.0
1006,1007,4775.83,12417.17,13,57310.0
1007,1008,2115.83,5501.17,13,25390.0
1008,1009,1980.0,5148.0,13,23760.0
1009,1010,15943.72,41453.67,13,191324.62
1010,1011,2342.59,6090.75,19,28111.13
1011,1012,2342.59,6090.75,12,28111.13
1012,1013,12783.92,33238.2,22,153407.07
1013,1014,15900.83,41342.17,11,190810.0
1014,1015,2285.83,5943.17,20,27430.0
1015,1016,8339.32,21682.23,11,100071.84
1016,1017,3133.33,8146.67,15,37600.0
1017,1018,2342.59,6090.75,20,28111.08
1018,1019,3781.67,9832.33,12,45380.0
1019,1020,2342.59,6090.75,11,28111.13
1020,1021,2342.59,6090.75,14,28111.13
1021,1022,3222.5,8378.5,12,38670.0
1022,1023,1733.33,4506.67,11,20800.0
1023,1024,1746.67,4541.33,18,20960.0
1024,1025,2342.59,6090.75,12,28111.13
1025,1026,3253.33,8458.67,13,39040.0
1026,1027,3855.83,10025.17,12,46270.0
1027,1028,12783.92,33238.2,11,153407.07
1028,1029,4492.84,11681.39,13,53914.11
1029,1030,1918.33,4987.67,11,23020.0
1030,1031,2342.59,6090.75,12,28111.08
1031,1032,2342.59,6090.75,16,28111.08
1032,1033,2342.59,6090.75,11,28111.13
1033,1034,2342.59,6090.75,22,28111.13
1034,1035,12783.92,33238.2,16,153407.07
1035,1036,4225.83,10987.17,20,50710.0
1036,1037,4492.84,11681.39,18,53914.11
1037,1038,2342.59,6090.75,11,28111.13
1038,1039,4492.84,11681.39,15,53914.11
1039,1040,8830.0,22958.0,11,105960.0
1040,1041,4555.83,11845.17,14,54670.0
1041,1042,4492.84,11681.39,13,53914.11
1042,1043,4492.84,11681.39,11,53914.08
1043,1044,4807.5,12499.5,11,57690.0
1044,1045,1995.0,5187.0,13,23940.0
1045,1046,3024.17,7862.83,18,36290.0
1046,1047,7801.67,20284.33,11,93620.0
1047,1048,2690.83,6996.17,11,32290.0
1048,1049,4492.84,11681.39,14,53914.11
1049,1050,13685.0,35581.0,11,164220.0
1050,1051,4705.83,12235.17,13,56469.96
1051,1052,3666.67,9533.33,12,44000.0
1052,1053,1721.67,4476.33,22,20660.0
1053,1054,2342.59,6090.75,12,28111.13
1054,1055,2342.59,6090.75,18,28111.13
1055,1056,2342.59,6090.75,13,28111.13
1056,1057,4571.67,11886.33,11,54860.04
1057,1058,2342.59,6090.75,15,28111.08
1058,1059,2635.0,6851.0,14,31620.0
1059,1060,5542.5,14410.5,14,66510.0
1060,1061,2850.0,7410.0,13,34200.0
1061,1062,2424.17,6302.83,15,29090.0
1062,1063,8339.32,21682.23,18,100071.84
1063,1064,4492.84,11681.39,16,53914.11
1064,1065,4081.67,10612.33,14,48980.0
1065,1066,4492.84,11681.39,25,53914.11
1066,1067,2650.0,6890.0,13,31800.0
1067,1068,9370.0,24362.0,25,112440.0
1068,1069,2342.59,6090.75,12,28111.13
1069,1070,3390.83,8816.17,18,40689.96
1070,1071,2342.59,6090.75,21,28111.13
1071,1072,5326.67,13849.33,13,63920.0
1072,1073,8339.32,21682.23,12,100071.84
1073,1074,4045.83,10519.17,11,48549.96
1074,1075,2342.59,6090.75,12,28111.13
1075,1076,4492.84,11681.39,17,53914.11
1076,1077,4492.84,11681.39,12,53914.11
1077,1078,4492.84,11681.39,16,53914.11
1078,1079,2342.59,6090.75,16,28111.08
1079,1080,4492.84,11681.39,13,53914.11
1080,1081,4492.84,11681.39,14,53914.11
1081,1082,2342.59,6090.75,14,28111.08
1082,1083,2760.0,7176.0,17,33120.0
1083,1084,4492.84,11681.39,13,53914.08
1084,1085,4492.84,11681.39,12,53914.11
1085,1086,2597.5,6753.5,18,31170.0
1086,1087,15943.72,41453.67,11,191324.62
1087,1088,4492.84,11681.39,13,53914.11
1088,1089,8339.32,21682.23,15,100071.84
1089,1090,12668.33,32937.67,25,152020.0
1090,1091,4492.84,11681.39,14,53914.11
1091,1092,2342.59,6090.75,17,28111.13
1092,1093,2150.0,5590.0,13,25800.0
1093,1094,1805.0,4693.0,14,21660.0
1094,1095,4492.84,11681.39,11,53914.11
1095,1096,8339.32,21682.23,12,100071.84
1096,1097,12783.92,33238.2,16,153407.07
1097,1098,2342.59,6090.75,19,28111.13
1098,1099,3645.0,9477.0,15,43740.0
1099,1100,4587.5,11927.5,14,55050.0
1100,1101,2155.83,5605.17,16,25869.96
1101,1102,13310.0,34606.0,14,159720.0
1102,1103,2342.59,6090.75,11,28111.08
1103,1104,4492.84,11681.39,14,53914.11
1104,1105,2342.59,6090.75,18,28111.13
1105,1106,2342.59,6090.75,12,28111.13
1106,1107,2342.59,6090.75,21,28111.13
1107,1108,1920.83,4994.17,15,23050.0
1108,1109,2860.83,7438.17,13,34329.96
1109,1110,2897.5,7533.5,14,34770.0
1110,1111,4492.84,11681.39,19,53914.08
1111,1112,3255.83,8465.17,13,39070.0
1112,1113,4492.84,11681.39,13,53914.11
1113,1114,2342.59,6090.75,13,28111.13
1114,1115,2342.59,6090.75,14,28111.13
1115,1116,2342.59,6090.75,11,28111.08
1116,1117,4492.84,11681.39,19,53914.08
1117,1118,2870.83,7464.17,11,34450.0
1118,1119,2300.0,5980.0,13,27600.0
1119,1120,5245.0,13637.0,12,62940.0
1120,1121,12783.92,33238.2,20,153407.07
1121,1122,4492.84,11681.39,12,53914.08
1122,1123,10930.0,28418.0,11,131160.0
1123,1124,4492.84,11681.39,14,53914.11
1124,1125,4492.84,11681.39,15,53914.11
1125,1126,2342.59,6090.75,13,28111.08
1126,1127,4492.84,11681.39,12,53914.11
1127,1128,8339.32,21682.23,14,100071.84
1128,1129,2992.5,7780.5,25,35910.0
1129,1130,4504.17,11710.83,20,54050.0
1130,1131,12783.92,33238.2,14,153407.07
1131,1132,2342.59,6090.75,15,28111.13
1132,1133,1754.17,4560.83,12,21050.0
1133,1134,2342.59,6090.75,15,28111.13
1134,1135,4492.84,11681.39,12,53914.11
1135,1136,3251.67,8454.33,14,39020.0
1136,1137,2218.33,5767.67,20,26619.96
1137,1138,1718.33,4467.67,14,20620.0
1138,1139,4492.84,11681.39,11,53914.11
1139,1140,2342.59,6090.75,23,28111.13
1140,1141,2155.83,5605.17,16,25870.0
1141,1142,4589.17,11931.83,16,55070.0
1142,1143,4492.84,11681.39,11,53914.11
1143,1144,6752.5,17556.5,12,81030.0
1144,1145,3315.0,8619.0,12,39780.0
1145,1146,4499.17,11697.83,12,53990.0
1146,1147,4492.84,11681.39,19,53914.11
1147,1148,2342.59,6090.75,19,28111.13
1148,1149,2342.59,6090.75,13,28111.13
1149,1150,8706.67,22637.33,13,104480.04
1150,1151,2342.59,6090.75,11,28111.13
1151,1152,3700.0,9620.0,19,44400.0
1152,1153,2342.59,6090.75,13,28111.13
1153,1154,2342.59,6090.75,19,28111.13
1154,1155,2342.59,6090.75,19,28111.13
1155,1156,2216.67,5763.33,11,26600.0
1156,1157,2812.5,7312.5,12,33750.0
1157,1158,2342.59,6090.75,13,28111.13
1158,1159,1890.83,4916.17,14,22690.0
1159,1160,2342.59,6090.75,11,28111.13
1160,1161,4492.84,11681.39,13,53914.11
1161,1162,3989.17,10371.83,14,47870.0
1162,1163,2342.59,6090.75,14,28111.13
1163,1164,2340.83,6086.17,14,28090.0
1164,1165,4492.84,11681.39,14,53914.11
1165,1166,9045.0,23517.0,13,108540.0
1166,1167,2342.59,6090.75,18,28111.13
1167,1168,2142.5,5570.5,17,25710.0
1168,1169,5118.33,13307.67,20,61420.0
1169,1170,2080.0,5408.0,11,24960.0
1170,1171,2849.17,7407.83,14,34190.0
1171,1172,2084.17,5418.83,17,25010.0
1172,1173,2342.59,6090.75,14,28111.13
1173,1174,2138.33,5559.67,15,25659.96
1174,1175,2342.59,6090.75,14,28111.13
1175,1176,2342.59,6090.75,13,28111.13
1176,1177,3266.67,8493.33,14,39200.0
1177,1178,2342.59,6090.75,20,28111.13
1178,1179,4492.84,11681.39,18,53914.11
1179,1180,11636.67,30255.33,12,139640.04
1180,1181,5450.0,14170.0,19,65400.0
1181,1182,1870.0,4862.0,13,22440.0
1182,1183,13486.67,35065.33,19,161840.0
1183,1184,3527.5,9171.5,17,42330.0
1184,1185,4492.84,11681.39,14,53914.11
1185,1186,12345.0,32097.0,19,148140.0
1186,1187,4492.84,11681.39,11,53914.11
1187,1188,14299.17,37177.83,24,171590.0
1188,1189,2342.59,6090.75,13,28111.08
1189,1190,2342.59,6090.75,14,28111.13
1190,1191,1931.67,5022.33,19,23180.04
1191,1192,3014.17,7836.83,14,36170.0
1192,1193,8339.32,21682.23,11,100071.84
1193,1194,2342.59,6090.75,15,28111.13
1194,1195,2236.67,5815.33,17,26840.0
1195,1196,4492.84,11681.39,11,53914.11
1196,1197,2342.59,6090.75,19,28111.13
1197,1198,16030.83,41680.17,11,192370.0
1198,1199,1980.83,5150.17,20,23770.0
1199,1200,2342.59,6090.75,14,28111.08
1200,1201,2342.59,6090.75,11,28111.13
1201,1202,3685.0,9581.0,13,44220.0
1202,1203,2126.67,5529.33,25,25520.04
1203,1204,2231.67,5802.33,17,26780.0
1204,1205,4492.84,11681.39,12,53914.11
1205,1206,2342.59,6090.75,25,28111.13
1206,1207,4309.17,11203.83,17,51710.0
1207,1208,9930.0,25818.0,23,119160.0
1208,1209,7816.67,20323.33,18,93800.0
1209,1210,2342.59,6090.75,14,28111.08
1210,1211,4492.84,11681.39,15,53914.08
1211,1212,2342.59,6090.75,14,28111.13
1212,1213,4898.33,12735.67,12,58779.96
1213,1214,2342.59,6090.75,17,28111.13
1214,1215,4492.84,11681.39,12,53914.11
1215,1216,2056.67,5347.33,14,24680.0
1216,1217,15943.72,41453.67,17,191324.62
1217,1218,4492.84,11681.39,17,53914.11
1218,1219,3439.17,8941.83,18,41270.0
1219,1220,1790.0,4654.0,11,21480.0
1220,1221,4492.84,11681.39,15,53914.08
1221,1222,3238.33,8419.67,21,38860.0
1222,1223,2342.59,6090.75,14,28111.13
1223,1224,5555.83,14445.17,18,66669.95999999999
1224,1225,2342.59,6090.75,12,28111.13
1225,1226,2342.59,6090.75,12,28111.08
1226,1227,1741.67,4528.33,15,20900.0
1227,1228,2342.59,6090.75,20,28111.13
1228,1229,2342.59,6090.75,22,28111.08
1229,1230,2342.59,6090.75,13,28111.13
1230,1231,2342.59,6090.75,14,28111.13
1231,1232,2342.59,6090.75,13,28111.13
1232,1233,1738.33,4519.67,14,20860.0
1233,1234,2342.59,6090.75,16,28111.13
1234,1235,1625.83,4227.17,12,19510.0
1235,1236,2342.59,6090.75,13,28111.13
1236,1237,2342.59,6090.75,12,28111.08
1237,1238,2518.33,6547.67,21,30220.0
1238,1239,2342.59,6090.75,19,28111.08
1239,1240,8339.32,21682.23,13,100071.84
1240,1241,8339.32,21682.23,13,100071.84
1241,1242,12783.92,33238.2,14,153407.07
1242,1243,8103.33,21068.67,17,97240.0
1243,1244,2823.33,7340.67,17,33880.0
1244,1245,2531.67,6582.33,12,30380.04
1245,1246,8339.32,21682.23,14,100071.84
1246,1247,8339.32,21682.23,14,100071.84
1247,1248,1935.0,5031.0,13,23220.0
1248,1249,2342.59,6090.75,13,28111.13
1249,1250,2438.33,6339.67,18,29259.96
1250,1251,4492.84,11681.39,14,53914.11
1251,1252,2342.59,6090.75,15,28111.13
1252,1253,3754.17,9760.83,15,45050.0
1253,1254,2362.5,6142.5,22,28350.0
1254,1255,2342.59,6090.75,19,28111.13
1255,1256,2342.59,6090.75,21,28111.13
1256,1257,2342.59,6090.75,14,28111.13
1257,1258,4492.84,11681.39,17,53914.11
1258,1259,2342.59,6090.75,20,28111.13
1259,1260,2342.59,6090.75,21,28111.13
1260,1261,2342.59,6090.75,22,28111.13
1261,1262,4492.84,11681.39,13,53914.11
1262,1263,5460.83,14198.17,14,65530.0
1263,1264,5560.83,14458.17,19,66730.0
1264,1265,11325.83,29447.17,18,135910.0
1265,1266,1814.17,4716.83,17,21770.0
1266,1267,16264.17,42286.83,11,195170.0
1267,1268,4492.84,11681.39,16,53914.11
1268,1269,16001.67,41604.33,11,192020.0
1269,1270,8373.33,21770.67,11,100480.0
1270,1271,2269.17,5899.83,11,27230.0
1271,1272,2342.59,6090.75,11,28111.13
1272,1273,5536.67,14395.33,19,66440.0
1273,1274,4492.84,11681.39,21,53914.11
1274,1275,4670.83,12144.17,24,56050.0
1275,1276,2634.17,6848.83,22,31610.0
1276,1277,4492.84,11681.39,12,53914.11
1277,1278,1183.33,3076.67,13,14199.96
1278,1279,2342.59,6090.75,18,28111.13
1279,1280,1000.0,2600.0,12,12000.0
1280,1281,4365.0,11349.0,18,52380.0
1281,1282,8320.83,21634.17,16,99850.0
1282,1283,4492.84,11681.39,19,53914.11
1283,1284,13326.67,34649.33,14,159920.0
1284,1285,1975.0,5135.0,13,23700.0
1285,1286,8339.32,21682.23,21,100071.84
1286,1287,5650.83,14692.17,23,67810.0
1287,1288,5544.17,14414.83,15,66530.04000000001
1288,1289,2375.83,6177.17,13,28510.0
1289,1290,4381.67,11392.33,14,52580.0
1290,1291,2342.59,6090.75,15,28111.08
1291,1292,2063.33,5364.67,18,24759.96
1292,1293,1904.17,4950.83,23,22850.0
1293,1294,3497.5,9093.5,12,41970.0
1294,1295,2873.33,7470.67,22,34479.96
1295,1296,3798.33,9875.67,12,45580.0
1296,1297,1418.33,3687.67,23,17020.0
1297,1298,2136.67,5555.33,12,25640.0
1298,1299,12783.92,33238.2,12,153407.07
1299,1300,4225.0,10985.0,13,50700.0
1300,1301,3150.0,8190.0,11,37800.0
1301,1302,8186.67,21285.33,12,98240.0
1302,1303,1565.0,4069.0,14,18780.0
1303,1304,8339.32,21682.23,15,100071.84
1304,1305,4492.84,11681.39,12,53914.11
1305,1306,1950.0,5070.0,18,23400.0
1306,1307,4492.84,11681.39,19,53914.08
1307,1308,1772.5,4608.5,21,21270.0
1308,1309,1694.17,4404.83,18,20330.0
1309,1310,8001.67,20804.33,11,96020.0
1310,1311,2342.59,6090.75,13,28111.13
1311,1312,13855.83,36025.17,14,166270.0
1312,1313,2342.59,6090.75,17,28111.13
1313,1314,4492.84,11681.39,12,53914.11
1314,1315,1735.83,4513.17,20,20830.0
1315,1316,4492.84,11681.39,14,53914.11
1316,1317,84083.0,2186.17,11,10090.0
1317,1318,2342.59,6090.75,18,28111.08
1318,1319,2342.59,6090.75,17,28111.13
1319,1320,6550.83,17032.17,14,78610.0
1320,1321,2201.67,5724.33,11,26420.0
1321,1322,4492.84,11681.39,11,53914.11
1322,1323,2342.59,6090.75,13,28111.08
1323,1324,4267.5,11095.5,14,51210.0
1324,1325,2342.59,6090.75,21,28111.08
1325,1326,2245.0,5837.0,11,26940.0
1326,1327,2342.59,6090.75,11,28111.13
1327,1328,4245.0,11037.0,14,50940.0
1328,1329,4492.84,11681.39,24,53914.11
1329,1330,1895.0,4927.0,14,22740.0
1330,1331,2342.59,6090.75,11,28111.13
1331,1332,4492.84,11681.39,19,53914.11
1332,1333,1928.33,5013.67,12,23140.0
1333,1334,12783.92,33238.2,14,153407.07
1334,1335,8339.32,21682.23,13,100071.84
1335,1336,2342.59,6090.75,24,28111.13
1336,1337,1983.33,5156.67,14,23800.0
1337,1338,4492.84,11681.39,21,53914.11
1338,1339,2342.59,6090.75,19,28111.13
1339,1340,1673.33,4350.67,14,20080.0
1340,1341,8793.33,22862.67,13,105520.0
1341,1342,1882.5,4894.5,17,22590.0
1342,1343,2342.59,6090.75,20,28111.13
1343,1344,2010.83,5228.17,18,24130.0
1344,1345,8339.32,21682.23,12,100071.84
1345,1346,1767.5,4595.5,13,21210.0
1346,1347,2342.59,6090.75,19,28111.13
1347,1348,4492.84,11681.39,14,53914.11
1348,1349,2065.83,5371.17,24,24790.0
1349,1350,10995.0,28587.0,16,131940.0
1350,1351,2342.59,6090.75,20,28111.13
1351,1352,3469.17,9019.83,17,41630.04
1352,1353,2342.59,6090.75,15,28111.13
1353,1354,2166.67,5633.33,15,26000.0
1354,1355,15252.5,39656.5,13,183030.0
1355,1356,1983.33,5156.67,18,23799.96
1356,1357,3980.83,10350.17,15,47770.0
1357,1358,4492.84,11681.39,12,53914.08
1358,1359,4492.84,11681.39,14,53914.11
1359,1360,87667.0,2279.33,22,10520.0
1360,1361,8339.32,21682.23,13,100071.84
1361,1362,2342.59,6090.75,13,28111.13
1362,1363,2050.83,5332.17,12,24610.0
1363,1364,4492.84,11681.39,14,53914.11
1364,1365,2163.33,5624.67,15,25960.0
1365,1366,3940.0,10244.0,14,47280.0
1366,1367,2342.59,6090.75,17,28111.13
1367,1368,6125.83,15927.17,16,73510.0
1368,1369,4492.84,11681.39,19,53914.11
1369,1370,2342.59,6090.75,12,28111.13
1370,1371,3971.67,10326.33,11,47660.0
1371,1372,1881.67,4892.33,12,22580.0
1372,1373,2355.83,6125.17,12,28270.0
1373,1374,2377.5,6181.5,11,28530.0
1374,1375,1908.33,4961.67,13,22900.0
1375,1376,1755.83,4565.17,17,21070.0
1376,1377,4492.84,11681.39,12,53914.11
1377,1378,1841.67,4788.33,13,22100.0
1378,1379,10992.5,28580.5,17,131910.0
1379,1380,15943.72,41453.67,13,191324.62
1380,1381,2342.59,6090.75,11,28111.08
1381,1382,4492.84,11681.39,11,53914.11
1382,1383,15220.83,39574.17,12,182650.0
1383,1384,2342.59,6090.75,17,28111.13
1384,1385,2342.59,6090.75,12,28111.13
1385,1386,2342.59,6090.75,22,28111.13
1386,1387,93167.0,2422.33,14,1118004.0
1387,1388,1976.67,5139.33,16,23720.0
1388,1389,2365.0,6149.0,14,28380.0
1389,1390,15050.83,39132.17,22,180610.0
1390,1391,2342.59,6090.75,14,28111.13
1391,1392,1342.5,3490.5,15,16110.0
1392,1393,2342.59,6090.75,14,28111.13
1393,1394,2342.59,6090.75,12,28111.13
1394,1395,2342.59,6090.75,12,28111.13
1395,1396,2342.59,6090.75,14,28111.13
1396,1397,2342.59,6090.75,23,28111.13
1397,1398,3973.33,10330.67,12,47680.0
1398,1399,1061.67,2760.33,13,12740.0
1399,1400,2003.33,5208.67,13,24040.0
1400,1401,2342.59,6090.75,11,28111.13
1401,1402,1694.17,4404.83,13,20330.0
1402,1403,2134.17,5548.83,11,25610.0
1403,1404,1302.5,3386.5,14,15630.0
1404,1405,5323.33,13840.67,17,63879.96
1405,1406,6980.0,18148.0,18,83760.0
1406,1407,4034.17,10488.83,14,48410.0
1407,1408,2342.59,6090.75,18,28111.13
1408,1409,2342.59,6090.75,19,28111.13
1409,1410,1728.33,4493.67,12,20739.96
1410,1411,2476.67,6439.33,13,29720.0
1411,1412,2342.59,6090.75,21,28111.13
1412,1413,5679.17,14765.83,13,68150.0
1413,1414,15943.72,41453.67,16,191324.62
1414,1415,15943.72,41453.67,22,191324.62
1415,1416,2241.67,5828.33,18,26900.04
1416,1417,14639.17,38061.83,15,175670.0
1417,1418,1307.5,3399.5,12,15690.0
1418,1419,3489.17,9071.83,13,41870.0
1419,1420,4492.84,11681.39,11,53914.11
1420,1421,8339.32,21682.23,16,100071.84
1421,1422,2755.0,7163.0,19,33060.0
1422,1423,1160.83,3018.17,12,13930.0
1423,1424,9069.17,23579.83,20,108830.0
1424,1425,2342.59,6090.75,11,28111.08
1425,1426,4492.84,11681.39,16,53914.11
1426,1427,2385.0,6201.0,12,28620.0
1427,1428,4492.84,11681.39,11,53914.11
1428,1429,5612.5,14592.5,15,67350.0
1429,1430,8130.0,21138.0,21,97560.0
1430,1431,2342.59,6090.75,14,28111.13
1431,1432,8339.32,21682.23,20,100071.84
1432,1433,8339.32,21682.23,13,100071.84
1433,1434,2342.59,6090.75,13,28111.13
1434,1435,4411.67,11470.33,16,52940.0
1435,1436,4492.84,11681.39,16,53914.11
1436,1437,2030.83,5280.17,16,24370.0
1437,1438,15943.72,41453.67,12,191324.62
1438,1439,2342.59,6090.75,13,28111.08
1439,1440,2342.59,6090.75,17,28111.13
1440,1441,3392.5,8820.5,13,40710.0
1441,1442,4492.84,11681.39,18,53914.11
1442,1443,2342.59,6090.75,16,28111.08
1443,1444,2463.33,6404.67,17,29560.0
1444,1445,4492.84,11681.39,22,53914.11
1445,1446,3873.33,10070.67,13,46480.0
1446,1447,4492.84,11681.39,17,53914.11
1447,1448,2342.59,6090.75,13,28111.13
1448,1449,2336.67,6075.33,11,28040.0
1449,1450,2032.5,5284.5,24,24390.0
1450,1451,2380.0,6188.0,19,28560.0
1451,1452,2342.59,6090.75,13,28111.08
1452,1453,2342.59,6090.75,23,28111.08
1453,1454,2444.17,6354.83,13,29330.0
1454,1455,4492.84,11681.39,15,53914.11
1455,1456,909.17,2363.83,17,10910.0
1456,1457,4492.84,11681.39,11,53914.11
1457,1458,4492.84,11681.39,16,53914.11
1458,1459,4292.5,11160.5,25,51510.0
1459,1460,12783.92,33238.2,13,153407.07
1460,1461,4492.84,11681.39,12,53914.11
1461,1462,2385.83,6203.17,12,28630.0
1462,1463,2381.67,6192.33,14,28580.04
1463,1464,4492.84,11681.39,24,53914.11
1464,1465,94083.0,2446.17,11,11290.0
1465,1466,2342.59,6090.75,14,28111.13
1466,1467,2342.59,6090.75,19,28111.13
1467,1468,16192.5,42100.5,13,194310.0
1468,1469,2342.59,6090.75,19,28111.08
1469,1470,8339.32,21682.23,16,100071.84
1470,1471,1923.33,5000.67,25,23080.0
1471,1472,1786.67,4645.33,14,21440.0
1472,1473,4477.5,11641.5,12,53730.0
1473,1474,8339.32,21682.23,12,100071.84
1474,1475,8339.32,21682.23,12,100071.84
1475,1476,8339.32,21682.23,14,100071.84
1476,1477,15870.83,41264.17,14,190450.0
1477,1478,13345.83,34699.17,19,160150.0
1478,1479,8010.83,20828.17,17,96129.96
1479,1480,9591.67,24938.33,14,115100.0
1480,1481,12783.92,33238.2,11,153407.04
1481,1482,3588.33,9329.67,12,43060.0
1482,1483,14205.0,36933.0,15,170460.0
1483,1484,2342.59,6090.75,19,28111.13
1484,1485,1701.67,4424.33,14,20420.04
1485,1486,2350.83,6112.17,16,28210.0
1486,1487,15943.72,41453.67,17,191324.62
1487,1488,1725.0,4485.0,11,20700.0
1488,1489,2325.83,6047.17,12,27910.0
1489,1490,4492.84,11681.39,11,53914.11
1490,1491,4492.84,11681.39,11,53914.11
1491,1492,6853.33,17818.67,17,82240.0
1492,1493,2175.0,5655.0,12,26100.0
1493,1494,4775.83,12417.17,13,57310.0
1494,1495,2115.83,5501.17,13,25389.96
1495,1496,1980.0,5148.0,13,23760.0
1496,1497,15943.72,41453.67,13,191324.62
1497,1498,2342.59,6090.75,19,28111.13
1498,1499,2949.17,7667.83,13,35390.0
1499,1500,4556.67,11847.33,14,54680.0
1500,1501,4844.17,12594.83,18,58130.0
1501,1502,4492.84,11681.39,14,53914.11
1502,1503,8055.83,20945.17,14,96670.0
1503,1504,4492.84,11681.39,22,53914.11
1504,1505,4295.0,11167.0,22,51540.0
1505,1506,4729.17,12295.83,20,56750.04
1506,1507,6095.0,15847.0,21,73140.0
1507,1508,12783.92,33238.2,11,153407.07
1508,1509,4492.84,11681.39,14,53914.11
1509,1510,8339.32,21682.23,13,100071.84
1510,1511,2342.59,6090.75,18,28111.13
1511,1512,4492.84,11681.39,12,53914.11
1512,1513,2342.59,6090.75,12,28111.13
1513,1514,5341.67,13888.33,12,64100.0
1514,1515,2342.59,6090.75,18,28111.13
1515,1516,4117.5,10705.5,15,49410.0
1516,1517,2342.59,6090.75,13,28111.13
1517,1518,15943.72,41453.67,11,191324.62
1518,1519,3319.17,8629.83,17,39830.0
1519,1520,5289.17,13751.83,16,63470.0
1520,1521,2420.0,6292.0,12,29040.0
1521,1522,2246.67,5841.33,11,26960.0
1522,1523,4492.84,11681.39,12,53914.11
1523,1524,1811.67,4710.33,11,21740.0
1524,1525,5629.17,14635.83,11,67550.0
1525,1526,2342.59,6090.75,24,28111.13
1526,1527,2214.17,5756.83,16,26570.0
1527,1528,2342.59,6090.75,16,28111.13
1528,1529,2342.59,6090.75,11,28111.13
1529,1530,9137.5,23757.5,24,109650.0
1530,1531,2119.17,5509.83,13,25430.04
1531,1532,4420.0,11492.0,13,53040.0
1532,1533,4492.84,11681.39,12,53914.11
1533,1534,2342.59,6090.75,16,28111.13
1534,1535,16171.67,42046.33,11,194060.04
1535,1536,5448.33,14165.67,15,65380.0
1536,1537,1881.67,4892.33,20,22580.0
1537,1538,4492.84,11681.39,14,53914.08
1538,1539,1848.33,4805.67,12,22179.96
1539,1540,2342.59,6090.75,13,28111.13
1540,1541,2211.67,5750.33,21,26540.0
1541,1542,12783.92,33238.2,14,153407.07
1542,1543,8339.32,21682.23,12,100071.84
1543,1544,8339.32,21682.23,18,100071.84
1544,1545,4492.84,11681.39,18,53914.11
1545,1546,4492.84,11681.39,19,53914.08
1546,1547,4856.67,12627.33,12,58280.0
1547,1548,4492.84,11681.39,11,53914.11
1548,1549,2045.83,5319.17,19,24550.0
1549,1550,4492.84,11681.39,12,53914.08
1550,1551,4212.5,10952.5,16,50550.0
1551,1552,3901.67,10144.33,14,46820.04
1552,1553,4380.83,11390.17,11,52569.96
1553,1554,1765.83,4591.17,11,21189.96
1554,1555,4492.84,11681.39,18,53914.11
1555,1556,4492.84,11681.39,14,53914.08
1556,1557,4978.33,12943.67,13,59740.0
1557,1558,4492.84,11681.39,17,53914.11
1558,1559,2342.59,6090.75,13,28111.13
1559,1560,4492.84,11681.39,18,53914.11
1560,1561,4492.84,11681.39,11,53914.11
1561,1562,2528.33,6573.67,12,30340.0
1562,1563,11010.0,28626.0,11,132120.0
1563,1564,6993.33,18182.67,16,83920.0
1564,1565,4492.84,11681.39,14,53914.08
1565,1566,2342.59,6090.75,14,28111.13
1566,1567,8339.32,21682.23,12,100071.84
1567,1568,3375.83,8777.17,14,40510.0
1568,1569,4004.17,10410.83,19,48050.0
1569,1570,2284.17,5938.83,11,27410.0
1570,1571,4492.84,11681.39,17,53914.11
1571,1572,4447.5,11563.5,12,53370.0
1572,1573,4492.84,11681.39,22,53914.11
1573,1574,4492.84,11681.39,13,53914.11
1574,1575,4492.84,11681.39,20,53914.11
1575,1576,7861.67,20440.33,15,94340.0
1576,1577,8339.32,21682.23,15,100071.84
1577,1578,4492.84,11681.39,20,53914.11
1578,1579,2342.59,6090.75,18,28111.08
1579,1580,8339.32,21682.23,14,100071.84
1580,1581,4492.84,11681.39,11,53914.11
1581,1582,4496.67,11691.33,12,53960.04
1582,1583,4492.84,11681.39,13,53914.11
1583,1584,8339.32,21682.23,11,100071.84
1584,1585,9299.17,24177.83,15,111590.0
1585,1586,4133.33,10746.67,12,49600.0
1586,1587,7327.5,19051.5,21,87930.0
1587,1588,15990.83,41576.17,12,191890.0
1588,1589,1846.67,4801.33,13,22160.0
1589,1590,9760.83,25378.17,14,117130.0
1590,1591,4420.0,11492.0,23,53040.0
1591,1592,9252.5,24056.5,11,111030.0
1592,1593,5526.67,14369.33,13,66320.0
1593,1594,6322.5,16438.5,15,75870.0
1594,1595,3612.5,9392.5,12,43350.0
1595,1596,4983.33,12956.67,12,59800.0
1596,1597,3536.67,9195.33,24,42440.0
1597,1598,15943.72,41453.67,13,191324.62
1598,1599,4356.67,11327.33,15,52280.0
1599,1600,2250.0,5850.0,24,27000.0
1600,1601,4492.84,11681.39,16,53914.08
1601,1602,4492.84,11681.39,20,53914.11
1602,1603,1971.67,5126.33,14,23660.0
1603,1604,2342.59,6090.75,13,28111.13
1604,1605,2342.59,6090.75,13,28111.13
1605,1606,1940.83,5046.17,15,23290.0
1606,1607,3578.33,9303.67,12,42940.0
1607,1608,4492.84,11681.39,11,53914.11
1608,1609,5604.17,14570.83,12,67250.0
1609,1610,8604.17,22370.83,11,103250.0
1610,1611,3705.83,9635.17,12,44470.0
1611,1612,8339.32,21682.23,18,100071.84
1612,1613,4492.84,11681.39,13,53914.11
1613,1614,9037.5,23497.5,13,108450.0
